{
    "$schema": "http://schema.management.azure.com/schemas/2015-01-01/deploymentTemplate.json#",
    "contentVersion": "1.0.0.0",
    "parameters": {
        "factoryName": {
            "type": "string",
            "metadata": "Data Factory name",
            "defaultValue": "csiproject"
        },
        "LS_ADLS_accountKey": {
            "type": "secureString",
            "metadata": "Secure string for 'accountKey' of 'LS_ADLS'"
        },
        "LS_SQL_connectionString": {
            "type": "secureString",
            "metadata": "Secure string for 'connectionString' of 'LS_SQL'"
        },
        "sqldb_connectionString": {
            "type": "secureString",
            "metadata": "Secure string for 'connectionString' of 'sqldb'"
        },
        "LS_FA_accountKey": {
            "type": "secureString",
            "metadata": "Secure string for 'accountKey' of 'LS_FA'"
        },
        "LS_SQLDB_FA_connectionString": {
            "type": "secureString",
            "metadata": "Secure string for 'connectionString' of 'LS_SQLDB_FA'"
        },
        "LS_ADLS_properties_typeProperties_url": {
            "type": "string",
            "defaultValue": "https://csiproject.dfs.core.windows.net/"
        },
        "LS_FA_properties_typeProperties_url": {
            "type": "string",
            "defaultValue": "https://csiproject.dfs.core.windows.net/"
        },
        "containerUri": {
            "type": "string",
            "metadata": "URI to storage account containing linked ARM templates"
        },
        "containerSasToken": {
            "type": "string",
            "metadata": "Sas token to storage account containing linked ARM templates"
        }
    },
    "variables": {
        "factoryId": "[concat('Microsoft.DataFactory/factories/', parameters('factoryName'))]"
    },
    "resources": [
        {
            "name": "csiproject_ArmTemplate_0",
            "type": "Microsoft.Resources/deployments",
            "apiVersion": "2018-02-01",
            "properties": {
                "mode": "incremental",
                "templateLink": {
                    "uri": "[concat(parameters('containerUri'), '/ArmTemplate_0.json', parameters('containerSasToken'))]",
                    "contentVersion": "1.0.0.0"
                },
                "parameters": {
                    "factoryName": {
                        "value": "[parameters('factoryName')]"
                    },
                    "LS_ADLS_accountKey": {
                        "value": "[parameters('LS_ADLS_accountKey')]"
                    },
                    "LS_SQL_connectionString": {
                        "value": "[parameters('LS_SQL_connectionString')]"
                    },
                    "sqldb_connectionString": {
                        "value": "[parameters('sqldb_connectionString')]"
                    },
                    "LS_FA_accountKey": {
                        "value": "[parameters('LS_FA_accountKey')]"
                    },
                    "LS_SQLDB_FA_connectionString": {
                        "value": "[parameters('LS_SQLDB_FA_connectionString')]"
                    },
                    "LS_ADLS_properties_typeProperties_url": {
                        "value": "[parameters('LS_ADLS_properties_typeProperties_url')]"
                    },
                    "LS_FA_properties_typeProperties_url": {
                        "value": "[parameters('LS_FA_properties_typeProperties_url')]"
                    }
                }
            },
            "dependsOn": []
        }
    ]
}