{
    "$schema": "https://schema.management.azure.com/schemas/2015-01-01/deploymentParameters.json#",
    "contentVersion": "1.0.0.0",
    "parameters": {
        "factoryName": {
            "value": "csiproject"
        },
        "LS_ADLS_accountKey": {
            "value": ""
        },
        "LS_SQL_connectionString": {
            "value": ""
        },
        "sqldb_connectionString": {
            "value": ""
        },
        "LS_FA_accountKey": {
            "value": ""
        },
        "LS_SQLDB_FA_connectionString": {
            "value": ""
        },
        "LS_ADLS_properties_typeProperties_url": {
            "value": "https://csiproject.dfs.core.windows.net/"
        },
        "LS_FA_properties_typeProperties_url": {
            "value": "https://csiproject.dfs.core.windows.net/"
        },
        "containerUri": {
            "value": ""
        },
        "containerSasToken": {
            "value": ""
        }
    }
}