Date,Subject,Recipient Email,Open Rate (%),Click Rate (%),Conversion Rate (%)
2023-07-11 11:37:55,Ergonomic even-keeled Graphic Interface,mia80@example.org,30.23535204129535,5.491082793051298,0.06104162476664781
2022-11-23 07:57:58,Expanded zero tolerance throughput,mreid@example.net,14.579449081282032,6.997737153783586,0.17479741630715362
2023-04-29 20:03:22,Synchronized regional hardware,coreyrobertson@example.org,26.410172692770722,3.7576459946319543,0.0460044055509387
2023-06-23 07:55:00,Advanced encompassing customer loyalty,bday@example.org,21.813483098821216,5.17944049784185,0.05961149327757341
2023-07-19 10:32:58,Sharable stable benchmark,davidcampbell@example.org,11.969208140924303,7.905089552519811,0.19825149714443072
2023-07-05 20:52:43,Virtual clear-thinking Internet solution,ashleydavies@example.org,47.74311464972197,7.791202917362717,0.06742250029400497
2023-03-21 10:00:40,Focused disintermediate installation,andersonkaren@example.org,20.582476083785775,8.633151208678107,0.16252313692575926
2022-09-15 05:45:08,Reduced object-oriented workforce,pricetina@example.org,21.369513319785437,4.107247963596225,0.08191190394715589
2023-05-20 00:18:45,Universal value-added challenge,oorozco@example.net,29.366547721675722,8.587853699387296,0.04699282970368048
2022-08-14 07:27:15,Open-architected responsive Internet solution,parkeraaron@example.org,29.69439751087944,8.3332790093198,0.04808871934126308
2022-10-08 05:20:42,Persistent next generation moratorium,ryanpaul@example.com,16.649056420915954,4.79255394092496,0.1733906848510739
2022-09-09 00:12:24,Integrated background success,david53@example.net,40.67947980741531,6.948992802662615,0.15878073030835574
2022-11-12 06:02:23,Customizable scalable core,andrealee@example.com,46.307425442538744,4.865231382293636,0.09476739209536565
2023-05-19 10:16:58,Quality-focused dedicated framework,olsonjoseph@example.net,11.552770573289571,2.2714452809533836,0.12461040974998158
2022-11-02 08:09:16,Customizable needs-based methodology,williamslaura@example.org,29.924383709355553,3.149247454033164,0.15059510865107148
2023-04-04 14:47:37,Streamlined zero administration algorithm,edwardsmarcus@example.net,34.546586975661306,9.950619754772168,0.07492979968689618
2022-09-17 01:02:45,Synchronized value-added instruction set,qadams@example.org,12.132635150252753,2.3952950073725416,0.14123216542179423
2023-04-30 17:24:25,Progressive multi-tasking capability,fosteramy@example.net,10.349521337811748,4.113845063904899,0.09176382486772389
2022-12-28 08:52:26,Phased didactic moderator,michael05@example.net,23.65797987870895,9.317680485254288,0.02955052057836128
2023-04-21 08:34:49,De-engineered local definition,maria97@example.com,37.86606774888771,7.593310312912219,0.07550961279646644
2023-06-16 15:08:32,Secured optimizing installation,smithedward@example.net,46.1660531491313,3.0912395721230412,0.11240641968852405
2022-11-12 09:50:43,Realigned hybrid process improvement,catherinefrancis@example.net,44.64720888486519,1.4026391925540267,0.08946227556657037
2022-10-07 19:06:25,Persistent asymmetric superstructure,richardharris@example.com,22.97463067645834,2.6797104740986475,0.15314003689859707
2023-03-15 22:38:51,Advanced optimizing customer loyalty,lmiller@example.com,42.265374079235954,7.657782009998062,0.1469780258320229
2023-07-23 09:43:16,Front-line modular contingency,dtaylor@example.com,14.40794742855938,8.673310064982445,0.1331707375667026
2022-08-12 20:20:12,Re-engineered neutral throughput,wallaceerica@example.org,39.171771780630536,1.4039977034909907,0.14361889426216778
2022-07-30 08:56:23,Public-key eco-centric secured line,melissahayes@example.net,40.44831880408769,5.3987989870421345,0.13837810721535496
2023-05-08 12:57:33,Object-based hybrid challenge,benjaminhansen@example.com,38.839474542620756,1.717366207736903,0.07000908856818254
2022-10-03 20:09:58,Horizontal asymmetric workforce,ramosjessica@example.org,36.236203765948105,4.756920854444042,0.0390599089558753
2023-05-12 18:19:28,Compatible heuristic contingency,donna97@example.com,17.021610195442193,7.370133465376454,0.14894707805787885
2023-02-25 19:59:37,Ergonomic maximized time-frame,brian45@example.com,23.16053720564977,3.5600739122383622,0.07616300800190387
2023-03-21 19:58:43,Implemented 6thgeneration website,bakerjose@example.com,25.196037033398543,1.5280250013448051,0.023458017279025706
2022-11-05 21:33:09,Diverse client-driven website,lisa98@example.org,26.138749687062006,9.318879070187391,0.198569359767248
2023-07-06 09:40:19,Enterprise-wide even-keeled focus group,rodneydavis@example.com,11.297460596568154,1.657609819155774,0.162924915955728
2023-01-06 12:15:45,Enhanced intangible hierarchy,carolyn92@example.net,42.871608271015546,6.537999034601069,0.03641467618710628
2022-08-07 15:42:45,Multi-channeled human-resource protocol,davidsonmark@example.com,25.34925730291414,1.3278283551286523,0.15390511838023987
2023-05-14 22:19:24,Implemented bi-directional Internet solution,butlerroger@example.org,32.88570455778076,9.442722725953097,0.15723117835656186
2023-04-07 10:32:40,Vision-oriented regional approach,sarahdaugherty@example.org,46.22244513844659,2.0887559869460963,0.1313917024528323
2022-12-27 13:40:53,Assimilated stable core,jerrystokes@example.org,18.628217702302692,4.096522061084699,0.09634124296394558
2023-05-06 09:59:32,Object-based stable encoding,mathismichelle@example.org,13.422372932219115,5.279833317601344,0.13997981292541642
2023-07-14 12:35:30,Streamlined local core,waredanny@example.com,10.962719120227703,9.782254566566523,0.10714431492855885
2023-03-20 14:27:12,Total neutral portal,vickicruz@example.com,22.701033525394394,9.972445285726764,0.08514965471061607
2023-07-01 07:46:30,Visionary 24/7 Local Area Network,mcmillanseth@example.net,17.305732350466783,6.208836040074753,0.17018628688038967
2023-07-18 05:41:03,Streamlined system-worthy software,valdeztara@example.org,11.442877480851461,6.070680034531025,0.03204407721924737
2022-07-31 18:11:22,Profound high-level productivity,adam31@example.org,22.73166431295255,5.259487012902304,0.1342532846937411
2022-10-16 04:55:31,Multi-tiered optimizing intranet,stephenerickson@example.net,31.361321849368295,7.559009363091603,0.17078704829710697
2022-10-06 10:08:15,Front-line homogeneous algorithm,swhite@example.com,31.44303874816361,8.001418444308568,0.11564119448622985
2022-08-01 07:06:02,Organized value-added time-frame,dcollins@example.net,16.599041853802717,9.011240545727986,0.11088733439434115
2023-04-07 08:08:16,Multi-layered zero administration application,gshelton@example.com,15.146584137861797,4.0257845020521605,0.031416353160839364
2023-06-24 17:42:45,Multi-layered attitude-oriented groupware,barbaraholland@example.org,36.19667426098391,4.634487389809326,0.10962869272739355
2023-01-08 01:38:21,Versatile full-range methodology,heatherdougherty@example.org,43.4669476028643,6.785137671270459,0.053922769665067816
2023-06-12 22:13:53,Triple-buffered asymmetric alliance,jenniferadams@example.org,49.279932596904416,9.757681172345178,0.18507371357567626
2023-06-10 17:30:17,Distributed system-worthy function,romankaren@example.org,22.156520574810294,6.080501730299654,0.054949062703034714
2022-09-21 23:16:18,Stand-alone reciprocal monitoring,stevenstephenson@example.com,49.33540963207535,2.4119137838519578,0.07400795741618837
2022-08-13 04:52:50,Function-based cohesive workforce,stephanie80@example.org,43.73289785086987,9.561725871696577,0.053162537231911555
2023-01-27 21:23:53,Monitored zero tolerance leverage,pmcbride@example.org,33.82038035335897,3.892444649144811,0.017012395041516686
2022-09-14 06:30:10,Multi-channeled discrete collaboration,pkoch@example.net,41.14397419451104,9.8771229977686,0.11260079461825248
2023-07-13 15:56:55,Compatible bi-directional circuit,cpope@example.com,43.57150151346976,6.52299835223639,0.12201101984943089
2022-08-30 23:44:32,Front-line leadingedge workforce,mburke@example.com,37.981459696001224,3.6429493966601103,0.19554743578418524
2023-01-12 14:26:14,Stand-alone needs-based toolset,francisco03@example.net,25.744270257894687,4.82584263294738,0.07841669231806728
2023-04-30 17:33:01,Optimized holistic architecture,ejackson@example.com,16.186086636616977,4.076509002727827,0.09815019364214253
2023-02-12 05:28:16,Vision-oriented grid-enabled policy,mcdanielpatricia@example.com,10.403053677664321,1.0929919042300642,0.04586240596947793
2023-04-10 20:40:03,Automated fault-tolerant concept,angela24@example.com,29.132293755113228,7.494642188776096,0.1855196557511886
2022-10-02 01:58:28,Intuitive high-level Local Area Network,fcooper@example.com,29.408994394624518,5.792719502187146,0.18291178842431718
2023-04-28 23:51:56,Adaptive content-based Graphic Interface,eskinner@example.org,41.22910602125941,6.512515355188774,0.18947763086664307
2023-07-25 12:36:49,Diverse user-facing infrastructure,esanchez@example.net,34.18185469078617,2.1608470458309648,0.1335110901381316
2023-02-26 12:28:48,Cloned user-facing adapter,cpalmer@example.com,38.38445223071996,9.139963887327616,0.07845464691111069
2023-04-22 08:05:03,Implemented holistic parallelism,ronnie83@example.net,38.51534642572201,5.927176787143257,0.06995591000832956
2023-02-06 21:26:40,Implemented didactic knowledgebase,cardenasjacob@example.org,46.85734335088081,9.72911156377716,0.10887118099083329
2023-07-08 01:10:01,User-centric next generation neural-net,romanchristopher@example.net,17.817139434611192,5.7982967057156625,0.02110187035243139
2022-11-21 14:28:31,Implemented empowering emulation,eclark@example.net,29.61677993844464,3.3360080898618363,0.06766322381165678
2023-05-27 10:55:21,User-centric 24/7 benchmark,brownandrew@example.org,15.698557354393575,3.7412985306951345,0.08452505679377097
2023-06-07 02:55:12,Monitored needs-based matrix,alexmorgan@example.org,44.372139664760304,1.5190497816209663,0.1712340980093046
2022-09-22 09:42:36,Diverse user-facing budgetary management,gvargas@example.com,35.103705023231434,2.0673680130752397,0.14876674383619462
2023-01-31 04:18:23,Synergized disintermediate Graphical User Interface,gregorybecker@example.org,32.388914543584804,2.4188899549332974,0.02267775332837975
2023-03-24 04:44:43,Networked multimedia service-desk,ramirezalexandra@example.net,19.33609921238514,7.0694917879882535,0.04299271896980423
2023-03-23 06:48:44,Open-architected system-worthy capacity,iallison@example.net,15.824257600214388,6.4474990909394165,0.05274678937650128
2023-03-08 12:02:58,Fully-configurable tangible flexibility,watsonsarah@example.net,19.530323815404394,7.515166318657451,0.025797942261554505
2023-03-12 11:18:10,Cross-group object-oriented archive,michaelyoung@example.com,42.46637514544903,9.861283960378401,0.09272993265023512
2023-03-06 06:39:42,Vision-oriented even-keeled Local Area Network,garyrichardson@example.com,15.236224729978858,6.417703459597423,0.16245979046458736
2022-11-12 20:29:44,Multi-channeled tertiary Local Area Network,mcgrathtammy@example.net,12.218815900590506,4.528092159385552,0.07473674845226885
2023-07-20 04:34:59,Multi-layered asynchronous collaboration,davidanderson@example.org,42.46037073238427,7.053116055346478,0.15070409537133278
2023-02-17 02:09:13,Customer-focused hybrid initiative,martha55@example.org,46.21166341035742,4.592995166825211,0.04104042205416088
2022-08-06 20:36:00,Expanded needs-based task-force,tphillips@example.net,29.722654382740885,8.632295420651328,0.1361343345763171
2022-09-05 02:43:58,Distributed content-based capability,hernandezgerald@example.com,19.608584308550046,3.5800407855695093,0.1948393012198611
2023-05-27 00:03:40,Re-contextualized well-modulated algorithm,ilong@example.org,18.912788193411618,2.879583151207714,0.11217880664215965
2023-01-09 09:23:26,Team-oriented encompassing functionalities,joshua08@example.org,39.5737373089116,4.643929301279474,0.07514309483264871
2022-11-05 17:31:10,Managed human-resource info-mediaries,yarcher@example.net,15.442280204262708,6.517694645760251,0.10667141208443567
2023-02-04 19:03:06,Implemented neutral synergy,mmercado@example.org,12.38156807295827,4.983686183443206,0.1006255502607037
2023-01-17 19:05:54,Polarized context-sensitive service-desk,sharon63@example.org,11.595787818668883,2.345090302462557,0.06586705989660768
2023-01-10 09:20:23,Face-to-face foreground middleware,coreycox@example.net,21.57549548437145,1.8283022069433208,0.19464554202439183
2023-03-22 20:16:39,Managed needs-based Graphical User Interface,john77@example.org,24.564180863406577,7.775814511802755,0.11989710308910184
2023-06-11 15:46:49,Balanced multimedia service-desk,andrew86@example.org,14.51094402906573,1.1897724079202534,0.04686225020576266
2022-11-16 12:59:49,Quality-focused fault-tolerant access,whitechristopher@example.com,37.20581412552932,6.558743556805289,0.10195435473910774
2022-11-26 12:45:33,Total scalable attitude,hwalker@example.com,30.046401173602526,1.0781072194729986,0.11732428472246714
2022-08-13 10:02:13,Cross-group attitude-oriented Graphic Interface,nicholassilva@example.org,35.055305351089984,1.8390734501605195,0.01715975439389506
2023-03-20 08:50:56,Optimized background core,matthew69@example.org,35.891350787154266,8.30045677955467,0.017353896515127684
2023-06-07 03:07:48,User-centric full-range concept,jessicahayes@example.org,21.149809133003433,4.439788382594371,0.1573655254779593
2023-03-12 03:58:33,Balanced client-server neural-net,zgibson@example.org,43.838979903100906,8.145497003000937,0.013984576685558015
2023-05-30 06:22:32,Stand-alone high-level forecast,brandon30@example.com,11.176755751552282,7.3397968179229816,0.026512589540549435
2022-08-29 21:50:56,Self-enabling multi-tasking customer loyalty,barry13@example.com,25.655479191564524,9.935315293632039,0.15375374716457152
2022-12-12 13:01:48,Compatible dedicated knowledgebase,rachelbarrera@example.net,12.637116399596199,1.5871147720938006,0.11306393925999046
2023-03-28 10:02:18,Robust dedicated open architecture,davery@example.com,24.893432609248695,5.578743414776204,0.01973329205265123
2022-10-15 12:07:43,User-friendly composite definition,russelljessica@example.org,15.330378858695738,2.699866596763212,0.12753128097776312
2022-12-25 09:28:06,Grass-roots empowering implementation,johnguerrero@example.com,47.47480831596108,5.13507202621255,0.18168183991043269
2022-12-27 19:48:00,Networked zero administration solution,johnsonann@example.com,20.37073009049752,1.392419450398232,0.19426473919604592
2022-10-25 22:41:17,Organized zero administration migration,matthew68@example.net,49.098460701668884,7.158673324700936,0.1873209973874449
2023-06-26 04:57:09,Progressive zero-defect firmware,emartin@example.com,16.91373228264097,9.825883961070778,0.19982112392137794
2023-01-04 19:46:50,Re-contextualized user-facing orchestration,samantha03@example.org,28.582759216533876,9.170680037904411,0.1684580182986158
2022-08-01 07:40:21,Persevering interactive analyzer,johnjordan@example.org,47.01986407604729,4.661822727091252,0.06915564298477041
2023-04-10 01:42:03,Synchronized upward-trending ability,johnwilliams@example.net,16.131601888554172,6.999072762264877,0.1707930249512233
2023-05-20 16:13:05,Enterprise-wide 24/7 methodology,steven51@example.com,15.18885790335062,3.116993317795957,0.051592943316264434
2022-11-11 13:29:03,Public-key responsive function,diane48@example.com,18.503094444199238,9.799807938578764,0.1851661776527107
2022-11-23 23:54:01,Configurable 24hour moratorium,lee09@example.net,26.433479562183084,5.85848454100562,0.019127625940379082
2023-07-22 11:38:17,Exclusive client-server ability,katiemendez@example.com,17.43346884206033,3.223696200897029,0.1818714763562011
2023-06-24 23:30:19,Team-oriented scalable intranet,amullins@example.com,49.2764263804411,7.124665212525851,0.08211912123186009
2023-06-13 12:15:43,Object-based scalable framework,nalexander@example.com,45.6821238728384,9.31203069708313,0.06125241929059383
2022-09-13 06:57:38,Team-oriented scalable open system,abird@example.org,40.03400439036609,4.671137689327011,0.1312401594675576
2022-11-25 00:06:42,Streamlined empowering access,benjaminlee@example.com,30.240553306857635,3.8455354506605026,0.14915880321036945
2022-08-07 07:16:46,Proactive actuating open system,elizabethwallace@example.net,15.850409977397817,4.868796991860774,0.1777771590390925
2023-05-21 21:32:08,Integrated system-worthy firmware,gonzalezluis@example.org,23.372506339841408,6.2399519890765776,0.05631758685092579
2023-03-01 00:14:59,User-centric solution-oriented artificial intelligence,pamela90@example.net,33.82634621480072,5.878151664648465,0.0998670225495185
2022-09-14 07:36:57,Mandatory 5thgeneration approach,holly92@example.org,32.71610331729356,1.5320856801893483,0.14781720068362963
2023-03-11 10:39:47,Vision-oriented directional synergy,sotokimberly@example.org,33.17547765887204,4.5943503486313695,0.07341463081822125
2023-01-19 19:42:06,Pre-emptive hybrid model,ylewis@example.net,21.887711148910256,6.754623674846786,0.13612108874834983
2023-01-16 01:48:54,Reverse-engineered regional flexibility,hendrickstheresa@example.org,19.035078451501626,1.3780271492173677,0.05930708905560415
2022-08-01 11:24:00,Compatible foreground ability,brenda62@example.com,33.05576673482297,6.846043723892364,0.08889911747810121
2023-05-05 04:22:15,Advanced asynchronous interface,torresdiana@example.com,29.12135629419722,5.604281915876367,0.051536408366159116
2022-08-19 05:53:35,Extended heuristic alliance,johnny09@example.org,47.33166447076292,7.83431308152355,0.1582228526434651
2022-10-22 00:37:53,Object-based 5thgeneration algorithm,rebecca72@example.net,42.96546908679837,6.235913302825872,0.08302847778620774
2022-10-26 05:57:13,Open-architected 6thgeneration projection,umartin@example.com,22.33421314777601,3.2169783947836406,0.15564832256788333
2023-03-16 06:58:01,Focused full-range task-force,ortizjennifer@example.net,10.42530756059605,5.770079647676678,0.09768452331783817
2022-08-09 04:18:43,Assimilated scalable hierarchy,cassandra38@example.net,26.856336536541438,6.412239577304903,0.08318195463024625
2023-04-10 04:40:30,Ameliorated asynchronous open architecture,ywyatt@example.com,49.919816142856305,3.1462819861176015,0.19562563501489358
2022-07-29 21:51:24,Assimilated multi-tasking open architecture,luisbaker@example.net,23.58298251959217,3.9109139783348157,0.19950569174537852
2023-04-06 07:20:23,Cloned bandwidth-monitored software,patrick94@example.org,36.50984146390002,3.233028966938961,0.06581201848422426
2022-09-20 05:49:41,Centralized client-server project,elizabeth33@example.net,35.220166981469674,6.1335835074626095,0.16182551405633122
2023-07-25 15:31:00,Profit-focused user-facing emulation,mjones@example.org,36.35446717020413,3.5651091087173135,0.09118792105370264
2023-06-30 15:07:44,Seamless 24hour architecture,jeffreyhunt@example.org,39.03600469512489,5.47572576042613,0.07715712963803008
2023-01-23 15:31:33,Enterprise-wide tertiary extranet,rachelwheeler@example.net,28.03148598743363,8.748180128543483,0.1166548779209276
2022-10-15 00:17:00,Reactive reciprocal array,audreytucker@example.org,13.979813967980327,6.363092888776997,0.1594394986198135
2023-02-10 16:13:20,Reverse-engineered asymmetric groupware,ucruz@example.org,11.242783540066444,2.291565784612674,0.10923660709485947
2023-03-17 17:37:01,Intuitive attitude-oriented Graphic Interface,djimenez@example.org,23.328465148279058,1.9186342579098257,0.03158992355972939
2022-11-17 22:44:52,Integrated hybrid definition,charleswilliams@example.org,28.86052984881378,4.622804992274497,0.14841465116480992
2022-10-21 06:34:07,Up-sized responsive open architecture,qgarcia@example.org,36.13245262910573,5.124019021240179,0.07330321319620993
2022-11-23 02:26:22,Vision-oriented demand-driven process improvement,johnsonemily@example.com,12.653699836997077,6.533512653734795,0.07305654619648518
2023-07-12 11:22:50,Down-sized methodical flexibility,qmorales@example.com,33.36714490154151,9.062444105309247,0.18098834683071754
2022-11-10 17:47:45,Enhanced executive database,lisabrooks@example.org,20.509073512492797,3.4199808414534014,0.01413307561639992
2022-11-09 22:37:27,Multi-layered impactful installation,amandasellers@example.net,31.658219167756847,9.058323744959496,0.13175240548611172
2023-01-06 02:58:38,Optional human-resource array,leejenna@example.net,22.721595467859203,4.282336253977668,0.022306355816057014
2022-10-06 15:37:08,Fully-configurable full-range standardization,jacksonzachary@example.com,44.993002481822025,3.622815279825991,0.11557984445620775
2023-07-27 10:00:22,Programmable 3rdgeneration projection,schroederrichard@example.org,39.392069982489964,7.996263997502011,0.18859580353472333
2023-01-27 07:02:23,Persevering incremental matrix,vanessa70@example.com,11.838303876206915,4.067864816703523,0.16453841153486187
2023-07-15 00:22:09,Secured 6thgeneration contingency,melissa83@example.net,30.261876129258813,8.081306727123735,0.017109826849519
2023-02-10 20:19:53,Switchable upward-trending array,hfreeman@example.com,46.719321786600396,8.943761616425068,0.07097581218105145
2023-03-16 05:04:08,Implemented fault-tolerant encryption,halljacqueline@example.net,44.81705134599062,7.935272995221558,0.14625137169460448
2023-05-09 18:41:17,Networked upward-trending focus group,sarah83@example.com,48.26610606667768,3.1537252881407722,0.19244881736422328
2023-04-04 16:50:33,Distributed zero tolerance task-force,cody74@example.com,49.50483216479429,6.773929684751473,0.1917112139372664
2022-10-13 16:25:22,Visionary actuating hardware,tylerdavis@example.net,46.49307684041146,9.525361855220822,0.1515000462323647
2022-11-14 19:51:16,Ameliorated systemic challenge,matthewcobb@example.org,34.754732655359724,6.195221869378692,0.033797316360540876
2022-09-25 23:14:19,Self-enabling hybrid frame,hernandezkristina@example.net,49.21435013913377,2.68832216629332,0.01592381153877385
2023-01-24 03:29:08,Visionary web-enabled alliance,uzimmerman@example.net,43.356196092359085,2.2850648959300637,0.106774733576621
2023-02-28 05:02:10,Operative solution-oriented installation,ashleyware@example.com,32.745364735258775,6.706973994472094,0.10466792625492768
2023-02-12 20:35:23,Multi-layered secondary capability,cforbes@example.net,37.973195801481694,4.667517359586714,0.05003093838317286
2023-07-08 13:22:51,Ergonomic upward-trending encoding,april34@example.com,25.099797882693476,2.357103253176301,0.0681465119237391
2022-09-22 17:31:55,Quality-focused methodical frame,qmelendez@example.net,26.766903633558723,1.7319252512967451,0.19890088445746246
2023-07-07 17:48:33,Polarized methodical time-frame,qmaynard@example.org,21.974352002396746,4.641786941409557,0.15042454004106037
2022-12-01 05:24:24,Universal holistic access,arivera@example.com,22.212916349663374,9.260844548709272,0.055762172460111
2022-11-01 09:47:04,Assimilated well-modulated strategy,larrygray@example.net,33.01643475233014,3.842489038835742,0.18881907001211523
2023-01-23 14:30:36,Down-sized foreground matrices,aferrell@example.com,19.62261440769232,8.289330310609454,0.0948026706779397
2022-10-16 13:31:18,Down-sized zero administration functionalities,oneallaura@example.com,29.76506432844719,6.271540886864675,0.1672978429470461
2023-03-12 08:31:30,Streamlined bi-directional paradigm,ericamiller@example.org,22.000596538901828,4.806561766666297,0.15402809495753805
2022-11-05 00:20:34,Team-oriented tangible database,josephmichael@example.net,33.49386900686686,9.39789768863135,0.15814689240436422
2023-06-01 12:44:29,Versatile coherent capability,ehenderson@example.org,26.054654859640305,3.415911225578743,0.0841881303451932
2023-04-16 08:06:42,Focused scalable policy,gabriela76@example.com,24.980214698208805,1.3866762370988757,0.13362367092034869
2023-02-01 20:53:24,Visionary well-modulated infrastructure,margaretsmith@example.net,45.609351040721045,3.7383220839181046,0.06310402745454144
2022-12-19 12:00:04,Networked context-sensitive superstructure,wintersdanielle@example.org,44.080607811080796,1.7682020238875522,0.15883244831565574
2023-02-20 08:44:33,Phased modular parallelism,jamie69@example.net,14.141825994762257,2.5272691467728823,0.16866375360668154
2022-10-01 23:11:31,Persevering transitional initiative,erica58@example.net,47.27187799123833,3.7640860045364306,0.10868236902989142
2022-08-08 11:59:52,Multi-tiered real-time protocol,jimmyyork@example.net,25.87089269945437,6.066864660820418,0.051792660475998176
2023-01-27 07:09:46,User-centric 4thgeneration forecast,jordandaniel@example.com,41.16635435831451,7.575983397713299,0.09352532537533802
2023-06-11 05:07:33,Team-oriented clear-thinking knowledgebase,rowecassandra@example.org,27.07586802169622,9.753984449498697,0.012204310431026185
2023-01-13 00:44:52,Centralized full-range access,michaelbeard@example.com,43.40178409796979,4.766880350578407,0.12558772162806228
2023-07-23 04:10:00,Down-sized cohesive support,rogersalexander@example.net,46.96705806003198,1.7027365668582946,0.1175312658603141
2023-02-04 12:44:48,Universal next generation application,escobarrachel@example.net,24.03708315759016,2.4775773745134826,0.10035193150676547
2023-04-21 22:33:34,Configurable scalable policy,coxcathy@example.com,33.81500590800101,1.4651345594917289,0.05606215313933435
2023-01-20 05:41:01,Pre-emptive optimal monitoring,msims@example.org,35.743026820782426,3.708211306907986,0.08935811935199157
2023-06-20 20:21:34,Exclusive heuristic secured line,bentleydan@example.com,44.13586526672949,6.0408546374115595,0.018245915198814362
2022-11-05 01:03:51,Reverse-engineered multi-tasking emulation,holly03@example.org,23.90844403017272,5.31861183319828,0.1304207831766029
2022-11-24 19:48:01,Operative analyzing standardization,yserrano@example.org,34.907236563412,6.589229531348533,0.17216183183508846
2023-03-29 09:04:41,Networked object-oriented throughput,browningerin@example.net,11.22931036900306,5.992847171899492,0.012805183817226094
2023-05-10 21:49:17,Focused zero-defect forecast,john90@example.org,18.919842324841866,2.166666813409452,0.11274830194820143
2023-02-15 16:21:54,Polarized logistical hardware,rodriguezjessica@example.net,25.489687256673186,8.868033671561872,0.043233365965428996
2022-09-05 22:40:52,Ergonomic high-level parallelism,david49@example.com,19.723533240222096,9.071626056193647,0.02224581627042572
2022-08-12 16:36:46,Realigned modular flexibility,danielle50@example.org,42.51572484241439,8.924594682860455,0.14997731677241294
2023-07-04 09:33:43,Team-oriented discrete contingency,roy39@example.net,15.85203672775647,7.878502745304956,0.010334381992595426
2023-01-01 04:54:40,Programmable regional algorithm,mandymedina@example.net,41.395581510879325,7.956536308472844,0.13202855806579847
2022-12-10 07:22:33,Polarized leadingedge support,deckeralan@example.org,30.3033199083642,6.2423009900291255,0.12667150169478186
2022-08-22 08:45:10,Realigned upward-trending project,charlene90@example.net,42.1973720170249,7.409295221195926,0.0207557382320349
2022-09-29 16:55:14,Mandatory disintermediate complexity,nsolis@example.org,17.047208793438333,8.030475177033303,0.046004029261308345
