Lead ID,Source,Lead Date,Status,Score,Last Contact Date,Converted Customer ID
300f2a6a-eec8-498f-92bd-8f6b63221036,Website,2023-02-17 22:35:51,Lost,80,2023-02-17 06:37:28,e93860e5-acd3-4fb8-91e0-8fd1de82772c
eb86ce47-afe5-4334-b004-d7d68dd507e1,Website,2022-12-18 14:36:14,Lost,80,2023-03-31 20:06:58,906f61e9-d085-40f8-9a96-abdf271b6b31
b3082736-40c3-41e9-abf2-dd9703a597b9,Website,2023-07-12 18:50:20,Lost,83,2023-02-23 00:01:30,53b024f0-ccfe-414c-934c-dfd8c9dd985f
3e83972a-0e28-43a7-b49f-bfaf41785f58,Referral,2022-11-01 19:31:41,Converted,57,2023-05-27 02:20:13,79fb40c4-b9cd-460a-81e0-f9539d9070dd
d71eff15-ec36-484d-8ccd-2e10516ba2f6,Event,2022-10-05 00:55:00,New,51,2022-10-28 17:45:18,40e4d79f-c0fd-47e9-b420-1d91201f3de0
2cadb1e2-e264-48d2-b70a-32b84faa19c1,Referral,2023-01-11 04:15:09,Converted,96,2022-12-24 16:22:43,1665f2c3-a895-4b9c-8692-24c1a575f8ed
89f86f9a-832e-4032-9937-e0a28722ac83,Website,2023-07-01 08:31:21,New,60,2022-07-31 01:11:35,90ab4fde-068f-44c6-a755-91011a419ed8
30dc34f0-cee7-462a-ac02-2059b8cfb787,Website,2022-08-25 10:32:34,Converted,92,2022-08-09 09:29:45,794da22a-7bfc-48e2-8e61-0cc8143ba8b5
797f3d44-0c76-4020-b5e2-23851c38f8d9,Website,2022-08-28 22:31:05,Converted,73,2023-07-03 13:58:48,6b25adca-986f-42b1-b9a0-2cdef9851661
5cb612fd-5068-4e17-9d30-d050ede065d3,Referral,2023-06-30 16:01:09,Contacted,65,2023-05-22 08:01:55,57b1d9ee-df8e-4823-b8c1-38d339619a5a
ee375957-e696-4f66-a489-4b3eb93b7987,Website,2022-09-27 12:13:41,New,93,2022-08-08 08:21:33,e93860e5-acd3-4fb8-91e0-8fd1de82772c
27be2010-678a-4855-a429-18ecc0f234d0,Referral,2023-07-11 23:15:00,Converted,51,2023-03-29 04:43:51,65c17330-cc23-4b2c-a619-89fc847defce
2947f6f9-b27d-4de8-8287-d042b9994492,Referral,2023-01-02 15:21:14,New,91,2023-06-20 05:48:32,841a7a56-17b6-4e87-b236-17c59544342a
7947ceeb-558e-487b-9941-205b099a5c6a,Referral,2023-02-11 23:02:58,Converted,58,2023-05-04 10:29:29,f4b9249c-5034-4902-9386-fa4b03ba3936
bdb900c7-9fca-4e41-b67e-9ba074271bcf,Website,2022-07-30 12:09:12,Contacted,99,2022-10-27 10:33:03,12ff8450-5451-4127-81c2-4e46bc5bb1d1
6256489f-4d6d-4646-b3e1-aadeb80b9dfc,Referral,2022-11-22 08:00:10,Lost,55,2023-07-28 01:19:51,841a7a56-17b6-4e87-b236-17c59544342a
c6d86153-83a3-453b-b2ef-dac4da03f03d,Event,2023-07-25 09:10:34,Converted,50,2023-03-22 06:33:26,be76cad7-1e86-4d37-970e-11353b2cf9e6
cffcd4d1-e2f6-4032-a2e4-627886a420f0,Referral,2022-11-22 01:43:44,Lost,92,2022-07-29 04:05:07,6c451b57-3dba-4ee9-8cc1-9b237cd44e1d
6141ec36-7488-4237-a342-b9a0791c620b,Event,2022-08-01 01:48:45,Lost,73,2023-06-26 02:45:39,807c911b-155c-4aeb-806f-4bb7a8ba804d
7f91be62-3fc1-4077-a15a-e0f868cb5914,Website,2023-07-06 13:17:24,Converted,51,2023-07-04 09:52:40,f7943930-950e-414c-85b1-b747130cfecb
e30f7beb-da76-4559-a4e1-5eb728ab5078,Event,2023-05-31 05:17:55,Contacted,68,2023-03-25 19:46:25,8fdd940f-6ca5-4ef7-83eb-fa76890ee294
cef312fc-62a8-408f-a689-6ac7c6baa9f7,Referral,2022-12-28 22:06:04,New,78,2022-12-21 12:03:19,90ab4fde-068f-44c6-a755-91011a419ed8
62bc1e0a-49f7-4a5a-8ad9-e1c5ad231387,Website,2023-04-24 01:22:46,Lost,88,2022-10-18 19:13:47,1649a7e8-bf13-439d-a0f3-666fec235ed7
a7a464d1-21a0-4243-a311-8d19d4aa0643,Event,2023-01-28 12:51:02,New,97,2022-12-28 15:21:23,40ff64fb-370d-46b0-a335-c52b49af0ef1
31e5e20b-1f26-4a76-9c90-ac7560d50727,Event,2022-10-23 04:42:54,Contacted,71,2023-01-14 15:53:50,adcafe1d-dd8d-433f-98b3-3c4daf41cc1a
7997ac6c-a5d8-4907-84ba-3b6ccbd72e00,Website,2022-09-10 23:39:02,Lost,86,2023-06-28 04:29:50,33233bec-7c06-47aa-8d4c-74312d77701d
cd61f775-6755-4640-b05c-bf58edd814be,Event,2023-04-19 08:52:57,Converted,56,2022-10-13 05:28:55,14ce9cb8-cb11-4843-bd79-eb50843a517f
025e4d27-be49-4646-9928-eefd7a98bc3b,Referral,2023-03-03 18:46:21,Converted,52,2022-12-24 07:40:59,6c451b57-3dba-4ee9-8cc1-9b237cd44e1d
47d36785-1a25-4f36-82b5-0302142e014f,Event,2022-08-09 05:46:28,New,93,2023-02-17 01:27:13,93301d4f-13ce-4838-899f-254f4cb641f6
ec3f9645-c0dc-436e-acda-5d06eef5d164,Event,2023-04-27 11:19:44,Converted,89,2023-02-13 17:21:57,335d9d30-9073-4329-908e-4c7b63fa2923
2b1b3e9f-ca1d-42e2-9f67-dd8ef2a06ae7,Referral,2023-06-17 10:20:08,Lost,76,2022-11-24 13:45:51,79fb40c4-b9cd-460a-81e0-f9539d9070dd
6fa3dacc-17e5-405d-8fa3-3942a720d5d4,Referral,2022-08-13 04:02:14,New,99,2022-07-28 18:54:43,57b1d9ee-df8e-4823-b8c1-38d339619a5a
e0aa384b-78b9-4e41-89ad-a36ed5fc4cf6,Referral,2023-01-03 04:53:14,Lost,99,2022-09-25 12:31:11,793215d7-fdd4-4e11-b42e-03b28449f693
c31e3251-014b-4fde-b5e8-6247e3fdf068,Event,2023-07-26 13:35:52,New,96,2023-04-18 01:25:51,ebd882ff-5adb-454d-8861-e47721d1e65c
af30fbf2-9e0b-428c-8e5f-1e02a89480cc,Website,2023-02-21 00:21:19,New,92,2023-01-31 17:28:12,e09e7565-0252-4288-b254-a0bd9b3b1d7c
4fe12e06-4d45-40a5-98d0-621c7786b6df,Website,2022-10-31 07:54:15,Lost,69,2022-09-12 20:57:00,c336f700-e2f8-44ce-a19c-fa6d568813b5
b7780d08-46d2-4036-843b-c0b664b62559,Event,2023-05-23 06:43:49,Converted,91,2023-05-25 14:16:55,906f61e9-d085-40f8-9a96-abdf271b6b31
7357f400-275c-44a7-8c27-1ad51a7b1150,Referral,2023-05-09 01:42:45,New,59,2023-05-04 06:13:49,a7b0afd7-5c2c-43c4-ab33-85772cda7c90
bca21063-6d75-4924-a2b5-5ec45498c6f8,Event,2023-02-27 19:56:14,Contacted,63,2022-11-08 17:28:51,57b1d9ee-df8e-4823-b8c1-38d339619a5a
5b4f3cc3-fad7-41b2-8444-30d4c59ebb42,Website,2023-07-03 17:20:39,New,81,2023-07-16 15:28:58,d77055e1-90e7-453a-9979-62dc1943ed6a
3e026b1c-2cb4-4905-9b18-ff1e92101b07,Website,2022-09-29 14:44:05,Contacted,84,2022-08-11 15:29:59,1228328c-b31d-4079-b872-86d91b118616
d9d38fa0-856c-4834-9f41-6dd92b39f769,Website,2022-08-26 15:36:55,Lost,94,2022-08-09 23:33:00,9b7ed981-f399-4809-9804-2d5307998690
5197d0bc-f3b4-42fd-a87f-1d9f81595b3e,Event,2022-11-27 01:31:46,Lost,75,2023-02-07 17:15:45,bb9234b8-3827-47fb-8901-8deee49f55ed
b3b74a6a-fcd0-415c-9dae-c7dbcb9c59db,Event,2022-12-13 05:11:12,New,62,2023-04-19 00:28:00,f4b9249c-5034-4902-9386-fa4b03ba3936
c7270b5e-f49c-4275-bbcd-e10b287bd1bb,Referral,2023-07-04 11:56:32,New,60,2023-02-15 22:40:38,14ce9cb8-cb11-4843-bd79-eb50843a517f
0e6e541d-6f58-43a5-864e-79e55ba7ba48,Website,2023-01-02 11:48:41,Contacted,93,2022-12-23 02:37:15,a1424536-8052-4c9e-be7e-5cad765ec6ca
5766ecf6-098a-4096-a739-c31aee27efba,Website,2023-06-06 20:53:07,Converted,79,2022-10-03 08:49:07,e3f8f468-cf2f-41da-b53b-96bfddbde7d3
b8a2d921-14d5-4928-a9b1-3430cc474f3b,Referral,2023-04-20 22:25:36,Lost,93,2022-09-12 17:48:03,6d0dc9da-be53-48ba-958c-5c831ef5a702
1226363b-75e7-456c-b480-a2081a93b545,Website,2023-04-13 20:51:51,New,85,2023-07-19 09:33:22,96bc47d1-4cbd-49ec-b045-7d2b2e935c71
c3339054-a1de-47df-aad7-5a4861d80ba9,Website,2023-02-17 23:48:35,Lost,61,2023-07-23 12:56:51,021506be-913b-4ef7-a0c8-9cc3b816c2cf
dcbf8954-3e27-4c8f-8449-fd117a27e450,Referral,2023-02-24 17:34:52,Converted,74,2023-01-22 00:57:07,a7b0afd7-5c2c-43c4-ab33-85772cda7c90
daf91fd3-dbe9-49e6-8ff1-92ce1d58f567,Event,2022-10-05 02:12:10,Converted,100,2023-04-27 09:33:32,cd4a81e2-189c-4adf-bad8-6368fe620ffc
63788e87-0809-419a-ac87-e961093bd247,Event,2023-01-04 16:39:24,Contacted,99,2022-09-07 07:49:33,1649a7e8-bf13-439d-a0f3-666fec235ed7
9b13f618-c587-49dd-87fd-14bf68316f9a,Website,2022-08-13 14:16:57,New,98,2022-09-26 22:41:31,5b37a485-ac6d-4e2c-bdad-6e57861383fc
57e5513f-f8c4-4081-917c-9d282e172e5e,Website,2022-12-18 21:55:32,Contacted,59,2022-11-22 12:34:52,3119792e-fdee-46b9-b395-033231ddae4a
d1c67df7-5614-47e9-82a9-70357d6dbe97,Website,2023-05-05 09:41:49,Converted,57,2022-11-24 04:41:26,87c7a222-e48e-4f58-b42f-020e1bcc2a26
148cd01f-feec-42e5-b091-76aa5a046ff5,Website,2023-06-12 00:58:01,Lost,70,2022-08-28 17:09:48,cf92c692-d447-4bff-8b87-0b9fc8fc42e4
613bc095-f973-45eb-a864-696e1ca3e38f,Referral,2022-08-22 14:10:28,Contacted,79,2023-01-17 09:14:56,ba9bd457-16e3-4def-888b-502499022571
42dcea22-1084-418e-8cad-5ce97abd9052,Website,2022-10-07 06:48:35,Contacted,89,2022-09-02 07:48:36,1228328c-b31d-4079-b872-86d91b118616
645e143c-48d1-4115-b69b-d0b9e40cda5d,Referral,2023-04-30 00:43:40,Lost,97,2023-05-01 05:23:48,e3f8f468-cf2f-41da-b53b-96bfddbde7d3
781a7575-59f4-473f-9cc0-1f0b15cc7c90,Referral,2023-07-25 22:27:51,Lost,95,2023-02-19 17:42:33,68cad323-a9c7-41e1-8cf4-d911c7854654
2665c690-d6e0-41e1-adbc-bd55673479c4,Referral,2023-03-11 17:27:12,Converted,56,2023-03-08 07:35:50,e8331d3c-a68d-49fb-98af-12933c600108
0185b8a7-2ce5-4adb-81a8-70d956791f34,Event,2023-07-01 10:06:44,Converted,81,2022-09-11 11:53:11,be76cad7-1e86-4d37-970e-11353b2cf9e6
832a01b7-9754-40a6-9eb5-f58c75c3adf7,Website,2023-04-26 17:43:09,Lost,84,2023-04-30 00:39:45,40e4d79f-c0fd-47e9-b420-1d91201f3de0
3841826d-2ebd-4856-ac73-07a3aec1e6d2,Website,2022-11-29 14:15:26,Contacted,100,2022-09-20 04:52:47,63a8703c-8218-46a9-8927-c9f771493816
2071146f-dcaf-4dfc-9382-4bdf66a96f63,Referral,2023-05-06 12:38:45,Converted,52,2023-04-17 21:21:25,c5bd5a93-7a0d-49da-90c8-4cccda84d15f
d0a37cb6-0a3a-4bb5-b341-d65124e1b11b,Website,2022-08-18 05:30:43,Converted,94,2023-02-01 12:55:40,f7943930-950e-414c-85b1-b747130cfecb
eb52258b-8759-45b1-9299-92224ece0cd0,Website,2022-11-18 04:33:27,Lost,73,2022-07-28 21:20:44,f3364303-992b-4bf9-a023-fafe1e05bb02
d81ec095-238b-4b78-ba8c-baebb8b50ee2,Website,2022-12-31 02:46:54,Lost,74,2022-08-09 08:16:53,7c16247f-c8bd-4542-852b-4da47b2623cc
ab946036-4f48-447f-80b2-5b8ee69f6656,Referral,2023-05-10 17:08:01,Converted,88,2022-08-12 01:06:42,6ae944cf-3aa3-4a80-93b1-25c9685f7cc3
8b63498b-4cec-4df8-977f-fd57231c1499,Website,2023-07-15 18:44:48,Lost,64,2023-02-28 21:51:06,a455cf42-b585-4b5f-b3d2-6a7c9b23b34f
6f22046d-b38f-4e20-9be4-65e21c2debdc,Event,2023-01-23 00:39:20,Contacted,61,2023-03-09 10:27:39,794da22a-7bfc-48e2-8e61-0cc8143ba8b5
a4ae6165-4b06-452e-8ea0-a1eb3fc75461,Event,2022-07-31 21:58:14,Contacted,94,2022-10-09 09:07:41,f63067cc-49cc-4e1a-9f4b-f55f490ccfbb
c36e91ee-dff7-46ce-8e63-f0cb4bbbad7a,Event,2023-04-22 07:32:13,New,57,2022-10-03 14:16:49,f63067cc-49cc-4e1a-9f4b-f55f490ccfbb
eb9069c6-db88-4665-bbc2-9aae2837b823,Event,2022-12-05 07:26:10,New,88,2022-07-30 00:02:57,ba9bd457-16e3-4def-888b-502499022571
931fa8f5-1320-411f-ab7c-573f7d89d145,Referral,2023-04-23 16:17:17,Lost,100,2023-07-02 00:50:57,1228328c-b31d-4079-b872-86d91b118616
52bdb20e-b6bb-41a0-a95c-4a2343c5fcc3,Website,2023-06-19 10:35:19,Converted,99,2023-06-28 06:22:25,aff41c31-1f89-4aa4-95a2-eda6155617e7
120779a0-e8c8-4bce-a974-e11f9b43ef54,Website,2023-03-15 04:34:55,New,74,2023-02-23 21:02:11,bb9234b8-3827-47fb-8901-8deee49f55ed
3a7e4c61-6075-43b8-823d-e7d0a8589f73,Event,2023-06-13 21:45:35,Contacted,55,2023-05-28 05:20:53,9f1a5d2e-b744-4a01-905d-2a6fd17f6c7a
a475aaff-dd66-4a42-bcd0-7169c8494868,Referral,2022-09-09 01:27:58,New,93,2023-03-05 10:34:23,5b37a485-ac6d-4e2c-bdad-6e57861383fc
25b10370-823d-4fe6-af94-019bb71acf88,Event,2022-11-09 20:03:22,Contacted,63,2023-06-29 18:32:17,96bc47d1-4cbd-49ec-b045-7d2b2e935c71
ba4dff78-1e84-405f-9141-9d418ee29cd6,Referral,2022-11-14 17:11:18,New,51,2023-06-17 10:07:24,c2f4ef5d-f1e7-479c-9c51-b68b21dece27
2576ed7b-924c-4dc5-b496-46daafe19bf7,Event,2023-03-16 20:03:57,Lost,80,2022-11-21 21:42:02,14ce9cb8-cb11-4843-bd79-eb50843a517f
c87b7eec-5453-4c87-bdda-cbd638225c86,Website,2022-10-15 14:19:06,New,79,2023-01-29 20:19:42,7e13af72-77a3-4f67-8084-6fe6312b6b38
79b47d6f-a5f5-4200-8068-09d2ad025e0e,Website,2023-05-30 23:06:21,Lost,85,2022-11-23 10:54:58,e09e7565-0252-4288-b254-a0bd9b3b1d7c
3e59e7bc-db95-4ab4-acd5-c38c2d43ad14,Event,2023-07-16 09:33:06,New,57,2023-05-07 18:29:04,da0de146-1371-406e-8d86-0ab1afb81837
70a716bf-7fd3-4e8e-8974-80e4ba19a1c6,Referral,2023-05-23 04:22:32,Contacted,63,2022-11-17 19:42:55,405799cf-6fb1-44d9-bd80-cb2d0bc31608
3d708ded-becd-49d1-b9ea-26ef57ee4ec9,Event,2022-08-26 21:33:11,New,68,2023-03-31 14:25:29,90c43a02-eab4-442d-8c77-b9c68b13ead1
c6171b08-c644-4f98-9cf9-e5031447862f,Website,2022-12-09 07:32:54,New,89,2023-07-17 23:03:10,1fc36732-b9fa-4432-b2c6-df869dc9ea07
09bca9a3-71b2-4ff6-8d21-7588529a74f3,Referral,2023-06-29 18:13:49,New,64,2023-04-13 13:54:03,d77055e1-90e7-453a-9979-62dc1943ed6a
1de842a9-cb35-4983-ae42-c208533aee74,Referral,2023-07-17 07:50:43,Converted,51,2022-10-08 21:49:34,e09e7565-0252-4288-b254-a0bd9b3b1d7c
786c9394-fe7d-407f-8253-e0c056e43ac4,Event,2023-04-02 22:16:45,Contacted,93,2023-03-07 21:39:01,279dff20-e252-414d-9a54-e41244433396
25749a0c-b1b9-4c05-bd01-9aad2a5e1d7c,Event,2022-12-14 16:32:10,Lost,71,2023-01-30 00:58:05,899eb3ff-58a2-4aa6-8469-072a6fc1b281
886bcab5-5028-4a42-8a6f-14eceef7b578,Website,2023-01-18 08:13:19,Lost,89,2023-03-08 10:22:51,5b37a485-ac6d-4e2c-bdad-6e57861383fc
19092449-1e2e-4581-b607-f75834dfeb92,Website,2023-05-19 19:52:46,Contacted,54,2022-10-24 11:51:12,6d0dc9da-be53-48ba-958c-5c831ef5a702
1c1a02a4-798b-4906-ba17-baeb13290243,Website,2022-10-23 02:51:54,Contacted,63,2022-12-07 13:14:24,5e7c1ee3-7a4b-4752-b0d0-a11083b0fbb0
ddda1fff-b169-4437-bf9a-abef3886c45e,Website,2023-07-05 17:14:21,Contacted,81,2023-05-15 14:40:19,63a8703c-8218-46a9-8927-c9f771493816
aaa22865-c008-4316-be44-6a8afe628c49,Event,2022-11-02 01:34:28,Lost,80,2022-12-01 13:20:19,1665f2c3-a895-4b9c-8692-24c1a575f8ed
982d6494-7057-4625-8191-53ebf627457c,Website,2022-08-08 21:51:04,New,72,2022-10-31 08:54:59,63a8703c-8218-46a9-8927-c9f771493816
979af3ba-115a-44ef-b598-f86d0f518470,Referral,2022-09-12 17:33:38,Converted,64,2023-03-19 22:01:53,9f1a5d2e-b744-4a01-905d-2a6fd17f6c7a
8439db79-8948-43c1-a53d-883176a4627a,Referral,2022-12-03 22:34:35,Converted,76,2022-08-01 05:56:06,a1424536-8052-4c9e-be7e-5cad765ec6ca
babf1f8a-ddd0-4479-a7ab-c29e8212e30a,Referral,2023-07-13 11:30:01,Contacted,87,2023-01-06 17:43:17,c2f4ef5d-f1e7-479c-9c51-b68b21dece27
7b3a9780-40a5-4707-a553-8be7939aac89,Event,2023-01-30 11:43:35,Lost,73,2022-11-03 21:26:41,33233bec-7c06-47aa-8d4c-74312d77701d
a52870dd-e554-4b06-9e36-4c0bc2cd970c,Website,2023-01-19 13:05:35,Contacted,95,2023-04-19 02:29:07,c151416b-3c6b-4ac8-8c1b-380fa6286ca6
838c15da-3169-43f4-8a41-6270600e3945,Referral,2023-01-03 23:07:23,Converted,98,2022-11-27 02:59:34,93301d4f-13ce-4838-899f-254f4cb641f6
be005ba8-90da-4d50-b87f-5636484b03c7,Referral,2023-03-11 09:06:45,Contacted,78,2023-02-21 18:57:42,0dbee314-8309-40e6-a774-46e9b863c0fb
b724bb7f-25df-42a8-b093-c388ed65f9e4,Event,2023-07-02 04:16:46,Contacted,57,2022-11-22 10:59:06,954ea3b7-5bde-46b3-ae9e-701cd80462da
b4b4bdd4-c561-4aa6-889d-727f1236d31e,Website,2023-05-18 13:27:12,New,74,2023-04-23 04:26:33,5e7c1ee3-7a4b-4752-b0d0-a11083b0fbb0
4712db49-0e93-4fc3-b2d9-b2099dd12472,Website,2022-09-25 03:29:33,Converted,82,2022-12-19 02:05:50,87c7a222-e48e-4f58-b42f-020e1bcc2a26
7ae1d285-fd48-4326-99cc-57bb15e052b4,Website,2023-05-16 17:37:56,Contacted,81,2023-03-07 18:08:12,793215d7-fdd4-4e11-b42e-03b28449f693
d68b1cba-f557-4117-9f5a-d07136594327,Website,2023-07-02 01:34:01,Contacted,93,2022-10-14 23:25:34,892743dd-871d-4a7c-a62b-47e01ac010cd
87fc0100-f857-4ccb-a0e8-770c24983d71,Website,2022-10-18 00:36:50,Lost,79,2023-01-14 18:58:05,fdc8a131-6632-448a-a678-e218b4915f4f
fed24fac-8a8b-4cb4-9354-770a0526c05b,Website,2023-04-03 20:55:17,Contacted,76,2023-01-25 04:58:23,807c911b-155c-4aeb-806f-4bb7a8ba804d
b244844e-9f6c-446c-8c97-209e71f96793,Event,2023-04-05 12:16:24,Converted,53,2022-08-05 12:36:56,794da22a-7bfc-48e2-8e61-0cc8143ba8b5
426df55a-cd73-4304-94c0-18c3d4c14ddc,Referral,2022-08-19 13:53:18,Converted,98,2023-07-24 22:30:26,aff41c31-1f89-4aa4-95a2-eda6155617e7
8ceced95-5efd-427c-841e-126c10601f89,Event,2022-10-14 14:09:12,Lost,96,2023-04-01 14:57:00,6ae944cf-3aa3-4a80-93b1-25c9685f7cc3
32f5eb12-6059-45d2-b204-f2b3a9ddd9b3,Website,2023-05-09 16:18:01,Converted,51,2022-10-02 10:46:53,c151416b-3c6b-4ac8-8c1b-380fa6286ca6
1cc8cf9f-1d86-45dc-bbe9-97c470a905df,Website,2023-07-12 19:06:31,Lost,79,2023-07-17 18:14:02,899eb3ff-58a2-4aa6-8469-072a6fc1b281
47675ecb-e680-4eae-9ec9-3e5fc2f27fae,Referral,2023-06-29 01:26:04,Lost,71,2022-10-08 11:32:01,68cad323-a9c7-41e1-8cf4-d911c7854654
c097cc34-68ac-4418-abc7-d8f297b20681,Website,2022-11-12 13:15:26,New,85,2023-01-22 17:04:10,e93860e5-acd3-4fb8-91e0-8fd1de82772c
0f48dd41-28bc-4fc8-be49-e28c299a9ccb,Referral,2023-01-01 22:43:26,New,82,2022-11-28 16:57:33,1228328c-b31d-4079-b872-86d91b118616
d1a734f8-9993-47b2-8855-c22626ebc1f0,Website,2023-06-04 17:27:28,Contacted,94,2022-11-22 00:23:38,adcafe1d-dd8d-433f-98b3-3c4daf41cc1a
5bf0e333-b312-4e08-982c-de6c1bbed386,Referral,2023-05-08 14:05:47,Lost,87,2023-07-07 23:55:04,cd4a81e2-189c-4adf-bad8-6368fe620ffc
8ebdee18-1a03-4192-b160-19039dbf9489,Event,2023-01-09 02:48:17,New,94,2022-09-03 03:41:25,2319f404-d54f-4d86-ba48-937185ec5911
b553dab9-7e5b-4709-9e5b-2ae56fa2b61d,Website,2022-10-20 23:07:56,Lost,63,2023-07-04 10:32:12,794da22a-7bfc-48e2-8e61-0cc8143ba8b5
31a07863-95bd-44c5-8f24-493e6db9bc4e,Website,2022-08-18 10:19:04,Lost,59,2023-04-18 04:38:46,671116c9-66e2-40a6-9ca0-593b524025ba
5ba9414c-52ef-4389-a08f-b9d0def227f9,Referral,2022-12-09 19:52:06,New,79,2022-08-12 16:54:28,794da22a-7bfc-48e2-8e61-0cc8143ba8b5
c15486ad-5dfc-499d-bc04-8a9bfbcdb89f,Event,2022-12-30 06:37:17,Contacted,52,2022-11-15 03:18:24,671116c9-66e2-40a6-9ca0-593b524025ba
ff039ed7-8f3c-4571-b1cf-59de75bcaa9d,Event,2023-01-13 22:39:01,Converted,92,2023-06-03 20:51:30,9e4e777f-3ef7-4078-b921-d093d152e861
c54fc789-99af-4c56-95d6-e3ad678c5319,Event,2023-03-28 14:55:08,Converted,72,2022-10-24 06:14:09,f4b9249c-5034-4902-9386-fa4b03ba3936
6d728a55-3c5a-4cf8-87be-90a8e942846a,Website,2023-04-25 19:20:29,Lost,60,2023-01-20 05:24:58,a455cf42-b585-4b5f-b3d2-6a7c9b23b34f
eeaa08bc-6333-4d23-a524-4f565bc23aee,Event,2023-01-25 07:42:40,Contacted,50,2023-05-08 17:37:52,1649a7e8-bf13-439d-a0f3-666fec235ed7
d88ae1a8-8779-4e39-a9e0-9832a8dded89,Website,2023-06-07 17:09:14,Contacted,88,2023-06-12 17:26:26,cf92c692-d447-4bff-8b87-0b9fc8fc42e4
313c9443-8675-479f-a49a-bc0b1aa44c2a,Website,2023-01-27 19:19:44,Lost,99,2023-06-20 15:21:12,cf92c692-d447-4bff-8b87-0b9fc8fc42e4
a5e3a203-d306-48e9-abb3-0ddb416946e9,Website,2022-11-30 21:58:05,Contacted,66,2023-03-11 01:16:16,87c7a222-e48e-4f58-b42f-020e1bcc2a26
e06d3159-7ed9-436d-a5a3-9dd1df8f5775,Website,2023-05-06 19:46:37,Lost,82,2022-09-06 14:22:32,537e616d-d346-4598-aaa7-0a2a5cc9c069
056dd208-b7de-4a70-8f57-b7666504be68,Referral,2023-03-22 05:40:03,Converted,69,2022-12-11 20:57:28,942b2c0d-47ac-474f-8457-01d0f5a9ca96
dc671f87-651b-46cd-b206-64fe6b623c15,Event,2022-10-15 05:18:03,Contacted,91,2022-08-22 21:31:33,f4b9249c-5034-4902-9386-fa4b03ba3936
f7eb1b79-8e4b-4643-8442-1c4c8702ecd7,Event,2022-09-17 04:31:58,Lost,87,2023-05-18 22:09:07,fdc8a131-6632-448a-a678-e218b4915f4f
f4a0b947-69fb-4947-b5a1-132cf377fb1b,Website,2022-12-28 21:26:55,New,78,2022-07-29 11:27:56,83a312a7-9834-4abb-8ab0-2df05ac04820
f6d95771-5815-4e65-8759-49076c6fd73e,Website,2022-08-24 19:30:28,Lost,60,2022-09-24 11:13:17,aff41c31-1f89-4aa4-95a2-eda6155617e7
181feaaa-3f54-40ac-b0af-74d342c80ebf,Event,2023-03-26 23:43:52,Contacted,61,2023-05-12 14:33:28,537e616d-d346-4598-aaa7-0a2a5cc9c069
437fef0c-ad2a-4289-89e8-8d6c95d01665,Website,2023-03-30 01:43:59,Lost,79,2022-10-28 11:05:02,a7b0afd7-5c2c-43c4-ab33-85772cda7c90
75997b21-8f85-42be-b2c4-14673561baa6,Website,2022-11-30 03:51:42,Converted,93,2023-02-24 00:36:20,cf92c692-d447-4bff-8b87-0b9fc8fc42e4
688826a1-09b3-4a4d-8a9e-5a8b480ccd94,Event,2023-01-28 07:51:40,Converted,92,2023-02-16 09:56:49,405799cf-6fb1-44d9-bd80-cb2d0bc31608
0ccfa5e1-d76b-4979-8ae2-95f4a50f2f77,Website,2023-03-03 02:47:04,Lost,74,2023-03-12 15:45:09,021506be-913b-4ef7-a0c8-9cc3b816c2cf
aeb65abd-a32d-4aae-a11d-b958f3e60226,Website,2022-10-05 05:53:28,New,55,2022-10-28 13:42:59,1665f2c3-a895-4b9c-8692-24c1a575f8ed
547be2da-68b7-4c63-a499-66024a0b9354,Event,2023-04-27 23:37:14,Converted,59,2022-12-27 16:04:20,fdc8a131-6632-448a-a678-e218b4915f4f
7828b931-4d8d-4042-a306-444bc6ab0528,Event,2023-04-04 20:14:47,New,93,2023-02-19 18:32:58,ba9bd457-16e3-4def-888b-502499022571
b0f5e156-5069-4f33-af30-459156e56f49,Event,2022-09-15 19:34:41,New,79,2023-03-20 10:30:16,f7943930-950e-414c-85b1-b747130cfecb
89ed2e60-2a5a-4a7a-b90c-8ce12b698f2b,Event,2023-06-29 04:37:46,New,55,2023-03-16 04:38:53,96bc47d1-4cbd-49ec-b045-7d2b2e935c71
3984f198-57bc-4ce1-a0f1-2a77ec562495,Event,2022-12-06 05:50:56,New,74,2023-04-04 01:57:22,9e4e777f-3ef7-4078-b921-d093d152e861
c75a9bbc-9271-4473-8c1d-574de965c0b1,Referral,2023-01-04 01:55:13,Lost,71,2022-10-09 11:47:05,40ff64fb-370d-46b0-a335-c52b49af0ef1
17b85e2f-3c72-499d-a044-abce8a872900,Event,2023-07-06 01:51:08,Contacted,90,2022-12-26 14:38:55,021506be-913b-4ef7-a0c8-9cc3b816c2cf
aadd1b47-5b02-48d9-af0c-dc38d9faead5,Website,2022-08-14 03:28:12,Converted,58,2022-10-25 11:31:53,899eb3ff-58a2-4aa6-8469-072a6fc1b281
ef898ffc-73eb-4d5f-9cd3-14210612f75e,Website,2023-07-13 16:59:25,Converted,91,2022-10-31 21:06:52,db057c0a-5cfb-4555-b99a-6b754d087b24
cff7b89d-335e-4f4f-8709-ddc5794be98b,Website,2022-10-22 03:16:22,Converted,91,2022-12-17 22:48:56,1228328c-b31d-4079-b872-86d91b118616
96481411-bd5e-4112-b6b7-d356b4388112,Event,2023-04-14 17:28:47,Converted,76,2022-08-02 12:42:31,fdc8a131-6632-448a-a678-e218b4915f4f
f5b5bfd9-e885-4866-affe-9d766fadae8d,Event,2022-11-23 02:29:53,Lost,95,2023-07-25 23:30:55,6ae944cf-3aa3-4a80-93b1-25c9685f7cc3
827d85a3-190d-428e-84e8-eb05adbd6a04,Website,2023-04-18 20:21:38,Contacted,69,2023-03-07 20:50:46,5b37a485-ac6d-4e2c-bdad-6e57861383fc
e4a85f3f-7a6f-4870-81bb-ebc525a8e5bb,Event,2022-09-01 19:18:01,Contacted,67,2023-04-30 14:36:42,d1db541f-6573-4202-b4e6-621785911d29
f2142ff5-b32a-4037-ac73-bcac572286d6,Event,2023-03-12 18:10:46,Contacted,83,2022-11-25 21:30:18,c336f700-e2f8-44ce-a19c-fa6d568813b5
64bfcf80-be51-4051-b917-1743b1c11d6b,Event,2022-11-24 01:00:42,Converted,78,2022-12-19 16:44:25,db057c0a-5cfb-4555-b99a-6b754d087b24
c3441cdc-95b7-4ba2-864a-7826139f8172,Event,2023-06-15 16:37:52,New,77,2022-10-31 17:42:52,892743dd-871d-4a7c-a62b-47e01ac010cd
81f6213c-70e4-43fd-a123-ba9e7a62ba84,Event,2023-05-02 09:24:20,Contacted,73,2023-05-26 01:36:07,68cad323-a9c7-41e1-8cf4-d911c7854654
7da672da-164e-4254-bd55-be3550aefc31,Event,2023-01-11 16:41:18,New,54,2023-05-16 06:47:09,12878401-2e29-4d23-bb3e-afccc3eb108f
133522d6-b852-4058-a6d9-b3c67b9b42b5,Referral,2022-10-31 11:54:06,New,59,2022-11-24 13:51:18,0e76445b-ba17-4d98-a552-c6fcd1b87830
335a7a52-e440-4189-8f51-c040581ccac5,Referral,2023-05-12 12:34:28,Converted,69,2023-04-12 11:45:42,5e7c1ee3-7a4b-4752-b0d0-a11083b0fbb0
3b528f2f-2ae8-4d76-b755-33938d7e5cfa,Website,2022-12-21 23:44:32,Contacted,90,2023-05-25 00:40:20,807c911b-155c-4aeb-806f-4bb7a8ba804d
40994e96-1454-4497-ad05-40c231b46ecb,Event,2022-10-04 14:11:50,Lost,68,2023-01-06 17:27:01,9e4e777f-3ef7-4078-b921-d093d152e861
c7761ee5-4d86-416a-892f-b32222d6811c,Referral,2023-07-26 11:59:00,New,54,2023-05-08 21:23:11,2576723f-f570-4ca4-a0af-4514d5a0aeaf
eefd9f01-9c2f-4f71-8823-9b2ffe3ef32b,Website,2023-05-20 21:11:47,Contacted,67,2023-02-20 16:37:52,3119792e-fdee-46b9-b395-033231ddae4a
10dc3ca5-42f7-4fff-b80c-d3a6ef192ccc,Website,2022-12-25 19:16:28,Lost,67,2023-05-28 07:40:34,794da22a-7bfc-48e2-8e61-0cc8143ba8b5
7e2d947b-b25a-4783-b667-1635faa309e4,Event,2023-02-21 03:01:46,New,79,2022-08-25 08:23:57,899eb3ff-58a2-4aa6-8469-072a6fc1b281
1b1e532b-8792-43db-8a82-3318ae5149ef,Website,2022-09-12 17:53:39,New,75,2023-02-21 22:34:24,e8331d3c-a68d-49fb-98af-12933c600108
16ef4d0d-56c6-4a97-a505-43d47107f3b5,Website,2023-06-08 19:31:09,New,71,2023-03-08 16:29:39,892743dd-871d-4a7c-a62b-47e01ac010cd
d2f779d7-b8ed-4f70-aff9-c90ece86b623,Referral,2023-06-27 17:09:09,Contacted,87,2022-12-02 21:19:12,6b25adca-986f-42b1-b9a0-2cdef9851661
bfcbc000-bdbc-4c1d-a30c-a0e703ad0f93,Website,2023-03-06 07:51:44,Contacted,88,2023-01-24 19:38:33,279dff20-e252-414d-9a54-e41244433396
c53c50ea-e938-4906-a740-761b489b6167,Event,2022-08-10 01:09:36,Lost,95,2023-05-29 19:39:09,40e4d79f-c0fd-47e9-b420-1d91201f3de0
217ad9e0-ac64-4690-ba6f-960db9b2c1e2,Event,2022-11-27 21:46:35,New,81,2023-02-02 02:11:53,b35fc1c1-70db-4f17-8001-664037b304ca
bce92b89-10ba-4d41-ae51-e8822fdafaa6,Event,2023-07-08 16:18:40,Contacted,60,2023-03-31 00:26:38,db057c0a-5cfb-4555-b99a-6b754d087b24
15aadb1c-49cc-4ae2-b53c-c3ee18267c4a,Referral,2023-04-26 06:03:52,New,68,2022-08-26 03:07:55,841a7a56-17b6-4e87-b236-17c59544342a
de524aa4-cb19-4c27-9605-dc8823ca5eca,Event,2023-02-02 14:20:54,Contacted,72,2023-05-02 20:02:59,83a312a7-9834-4abb-8ab0-2df05ac04820
2448d7e6-ebc9-4817-b2cc-4f8ccb4a3d31,Referral,2022-09-18 02:50:57,New,52,2023-03-22 09:29:39,83a312a7-9834-4abb-8ab0-2df05ac04820
11130875-eb01-4cba-b433-4793147c9b81,Event,2022-09-17 15:12:43,New,54,2023-06-16 13:40:36,73ef513c-6454-4e4b-8573-05f089d79d3a
6abf87f7-5753-4f56-a2c5-f78cc3079199,Website,2022-12-16 05:49:55,New,54,2022-08-27 08:55:42,5b37a485-ac6d-4e2c-bdad-6e57861383fc
2c87cb12-5a02-474b-96c0-dcb20ce8e530,Event,2022-10-10 00:59:12,Contacted,92,2023-02-09 07:34:49,899eb3ff-58a2-4aa6-8469-072a6fc1b281
c0830702-0e98-45d7-a0f9-a07a48f7aeb2,Website,2022-10-12 05:40:13,Contacted,81,2022-11-21 12:32:48,537e616d-d346-4598-aaa7-0a2a5cc9c069
78d9c4bc-1618-471b-845e-0f2225799686,Referral,2022-08-27 06:22:37,Contacted,93,2022-10-19 09:19:35,954ea3b7-5bde-46b3-ae9e-701cd80462da
23d839f3-0f88-4e60-9403-ca8789a70133,Referral,2023-01-30 09:30:27,New,71,2022-12-10 05:16:34,794da22a-7bfc-48e2-8e61-0cc8143ba8b5
e94dceb5-26ba-4074-9813-2b0fa9453f42,Event,2022-08-10 03:06:24,New,51,2023-06-10 15:09:55,da0de146-1371-406e-8d86-0ab1afb81837
f04afc26-5234-400f-b252-6c19331864ac,Event,2023-03-28 16:29:53,New,58,2023-07-15 19:14:01,e09e7565-0252-4288-b254-a0bd9b3b1d7c
292660e4-c87d-40f4-8c5d-c80db48e99a0,Website,2023-02-07 03:07:45,Converted,89,2023-02-25 02:41:59,57b1d9ee-df8e-4823-b8c1-38d339619a5a
18adac33-90ca-4f9b-9cd0-2e1e71bda5f4,Website,2022-09-07 01:08:06,New,64,2023-04-17 13:48:11,2576723f-f570-4ca4-a0af-4514d5a0aeaf
10873dee-8997-4967-ba02-e16a5c9bf420,Website,2023-04-08 22:24:23,New,93,2022-10-08 09:44:40,2319f404-d54f-4d86-ba48-937185ec5911
d39c2a4e-699c-4eb3-b041-68abea12a819,Event,2023-03-08 23:41:32,Lost,76,2023-02-28 06:30:09,90ab4fde-068f-44c6-a755-91011a419ed8
d49716e2-d65d-4345-a0ec-c2512129abc8,Website,2023-07-23 20:07:41,Converted,67,2023-02-07 07:43:31,87c7a222-e48e-4f58-b42f-020e1bcc2a26
f5e5d81d-4526-4970-82f5-c520cc06aaa2,Website,2022-08-12 19:53:37,Converted,50,2022-12-05 20:21:44,63a8703c-8218-46a9-8927-c9f771493816
42702500-799c-4786-a8e5-f73da02f4db6,Event,2023-01-15 19:26:38,New,98,2023-02-11 04:16:41,bb9234b8-3827-47fb-8901-8deee49f55ed
2bf4dc67-666f-4a2e-8188-7e1fb999952c,Event,2023-06-05 11:53:27,Lost,54,2023-05-06 13:10:08,90ab4fde-068f-44c6-a755-91011a419ed8
