Order ID,Customer ID,Order Date,Product ID,Quantity,Unit Price,Total Amount,Payment Method,Order Status
1,e32d8b08-4c47-4641-a7a5-1fd59dbf0e94,2023-01-28 07:33:10,15d83da5-0ba1-4dd1-896b-eb169845eb7c,2,35.39356933885527,70.78713867771054,Credit Card,Shipped
2,cdded0ee-b676-4fea-993b-90aa9e93678d,2022-10-18 09:51:38,a8629463-3d3c-4f48-810a-5a6113f949cb,5,10.55000128357955,52.750006417897744,Cash,Pending
3,335d9d30-9073-4329-908e-4c7b63fa2923,2023-04-12 18:29:21,1ce30ba0-63f1-4721-aa4b-890ebbaccaa0,4,61.094058987468074,244.3762359498723,Cash,Delivered
4,1fc36732-b9fa-4432-b2c6-df869dc9ea07,2023-07-24 11:46:43,77b478b1-a4ec-44b6-99c7-58c82694fe08,1,45.83791259205847,45.83791259205847,Credit Card,Shipped
5,6b25adca-986f-42b1-b9a0-2cdef9851661,2022-09-18 17:42:30,7613eaf9-7d43-4f27-8c9b-72c870e111e2,5,36.34328819145823,181.71644095729113,Credit Card,Delivered
6,9b7ed981-f399-4809-9804-2d5307998690,2022-09-23 11:23:29,181851dc-213d-49fa-879e-791852ffb5fd,4,78.13404655124751,312.53618620499003,Cash,Pending
7,da0de146-1371-406e-8d86-0ab1afb81837,2022-10-19 08:43:53,b5ced3f2-d1e2-4567-9b53-0caef6ff06c5,3,62.1415556095497,186.4246668286491,PayPal,Delivered
8,8fdd940f-6ca5-4ef7-83eb-fa76890ee294,2022-09-02 02:04:44,f858ee11-f59a-47b3-b0e3-d76e359b7ec4,5,72.33516539858448,361.6758269929224,Credit Card,Delivered
9,cd4a81e2-189c-4adf-bad8-6368fe620ffc,2022-08-01 20:41:28,b05fdd25-bbdc-4027-8155-3f0c9f703d7f,3,19.530306636816412,58.59091991044924,Credit Card,Shipped
10,9b7ed981-f399-4809-9804-2d5307998690,2023-06-20 17:59:30,2c188e18-f04d-4be7-bb07-70980eee5e98,1,98.2604453880411,98.2604453880411,PayPal,Pending
11,e3f8f468-cf2f-41da-b53b-96bfddbde7d3,2022-10-21 16:51:48,40c7591f-3fc3-42f3-922c-d23bc9ac9c10,3,73.10744074880138,219.32232224640416,PayPal,Pending
12,cd4a81e2-189c-4adf-bad8-6368fe620ffc,2023-02-25 12:11:48,44ed7ed0-3341-451f-91f8-2fe4daa0f969,1,73.86547412968432,73.86547412968432,Cash,Pending
13,761e1e15-0306-49b7-90a5-fd5a864bce56,2023-07-08 03:05:05,9bb10e94-98b5-4738-9cbf-c95b03c7323c,3,40.782997516523,122.34899254956899,PayPal,Shipped
14,1fc36732-b9fa-4432-b2c6-df869dc9ea07,2022-09-03 18:40:03,933f9dee-3f27-42fc-9a8a-da7f901e5a2f,1,38.86558294803412,38.86558294803412,PayPal,Shipped
15,6c451b57-3dba-4ee9-8cc1-9b237cd44e1d,2023-05-31 21:55:55,7eeebad2-f740-42f2-aad9-11e0f3dea85a,2,83.59035953401444,167.18071906802888,Credit Card,Shipped
16,e3f8f468-cf2f-41da-b53b-96bfddbde7d3,2022-12-10 23:54:36,796cb67a-bf8f-4de8-b3e0-4e2d9261c79c,4,45.68840343099133,182.75361372396532,PayPal,Pending
17,a7b0afd7-5c2c-43c4-ab33-85772cda7c90,2022-11-13 15:33:36,86484497-7c46-41a8-b62c-6495b3f91f5f,4,14.103875804026362,56.41550321610545,Cash,Shipped
18,cf92c692-d447-4bff-8b87-0b9fc8fc42e4,2023-05-03 23:51:39,2b22df0d-0982-4717-b1e3-eb74bb64cd6c,4,24.138978903274847,96.55591561309939,Cash,Delivered
19,c2f4ef5d-f1e7-479c-9c51-b68b21dece27,2022-09-09 17:05:25,83e99146-06aa-4437-b356-7497e207b7ef,1,33.39519613304424,33.39519613304424,PayPal,Shipped
20,12ff8450-5451-4127-81c2-4e46bc5bb1d1,2022-10-08 03:56:39,a5c4c406-8fec-48e4-8a05-e0dbffdc5e7c,2,24.61573392699905,49.2314678539981,Cash,Pending
21,e09e7565-0252-4288-b254-a0bd9b3b1d7c,2022-12-02 10:59:26,04a4efbb-020f-49e1-aa52-b88a0e9a4ee4,5,90.09844401168651,450.49222005843257,Credit Card,Pending
22,57b1d9ee-df8e-4823-b8c1-38d339619a5a,2023-02-01 03:04:43,c85c8be0-57d8-4caf-b305-a4e5fa4e067d,5,97.87349782859403,489.36748914297016,PayPal,Delivered
23,c1e9afcd-6ed4-4e83-8ceb-bc72ef19967e,2022-10-14 10:50:34,3451b6d4-ceb9-49ed-b38a-297271f5143b,1,77.75673303007034,77.75673303007034,Credit Card,Shipped
24,53b024f0-ccfe-414c-934c-dfd8c9dd985f,2023-06-03 06:37:42,0029d5e5-2028-4f37-9ec6-9ce24afb9d47,3,69.20145766873742,207.60437300621226,Cash,Delivered
25,1665f2c3-a895-4b9c-8692-24c1a575f8ed,2022-10-23 18:54:08,40759cda-2a97-4920-928b-539b333e8d14,5,56.21837069787314,281.0918534893657,PayPal,Shipped
26,14ce9cb8-cb11-4843-bd79-eb50843a517f,2022-12-15 09:11:43,4c3659e1-ce7c-47b1-8fd0-952ad59c3160,1,51.20996318809915,51.20996318809915,Credit Card,Pending
27,14ce9cb8-cb11-4843-bd79-eb50843a517f,2023-06-23 19:47:55,87e626b6-4219-4184-a9b1-6896dda862e5,3,30.978220948417114,92.93466284525134,Credit Card,Delivered
28,9f1a5d2e-b744-4a01-905d-2a6fd17f6c7a,2022-10-04 20:30:06,6ef63b9b-e047-4a4d-9f87-ff8a438ca7cb,3,81.25967905568288,243.77903716704864,Credit Card,Shipped
29,cd4a81e2-189c-4adf-bad8-6368fe620ffc,2022-08-06 19:55:40,c2c7bd5d-0d1c-499c-bdad-4140a9941d40,1,29.95164831393105,29.95164831393105,Credit Card,Shipped
30,6b25adca-986f-42b1-b9a0-2cdef9851661,2022-07-29 16:57:45,3fc75e27-53a7-4e6a-859f-551ed0c8edd8,5,71.56774347075233,357.8387173537617,Credit Card,Pending
31,d1db541f-6573-4202-b4e6-621785911d29,2023-02-23 01:27:14,8be23fc4-bda4-42f7-90a2-28917896d93a,3,84.75793879814094,254.27381639442282,Cash,Shipped
32,1fc36732-b9fa-4432-b2c6-df869dc9ea07,2023-03-01 11:09:21,f0da4aa8-e417-4638-ab24-053590f07851,5,72.75776329376461,363.78881646882303,PayPal,Delivered
33,93301d4f-13ce-4838-899f-254f4cb641f6,2022-08-31 18:27:51,1bd3b716-5990-4ec6-80c8-be318d27cab0,2,98.32666111284868,196.65332222569737,PayPal,Pending
34,1fc36732-b9fa-4432-b2c6-df869dc9ea07,2022-09-28 12:47:37,000d034a-ac42-4450-8a37-f04a520c17bc,5,88.16215408735766,440.8107704367883,Credit Card,Pending
35,ba9bd457-16e3-4def-888b-502499022571,2023-04-17 04:03:39,3347174c-db09-4a64-a502-4b13f6f2d481,5,82.81595514493193,414.07977572465967,Credit Card,Pending
36,53b024f0-ccfe-414c-934c-dfd8c9dd985f,2023-05-20 08:56:03,c1bba2c3-e68d-4d98-9449-75de3aef11b6,1,36.31148782662747,36.31148782662747,PayPal,Shipped
37,bb9234b8-3827-47fb-8901-8deee49f55ed,2023-07-22 14:46:02,1197b640-8397-42f4-a790-075c6bb5b2e5,2,52.16982191284542,104.33964382569084,PayPal,Shipped
38,e32d8b08-4c47-4641-a7a5-1fd59dbf0e94,2023-03-22 05:31:42,700144e2-a551-4d51-b01a-fca827b3efdf,5,30.581969724778226,152.90984862389112,PayPal,Shipped
39,90ab4fde-068f-44c6-a755-91011a419ed8,2022-11-29 23:34:02,eb841387-b9fc-40fd-b425-5120762bdc3b,5,38.09289065983465,190.46445329917327,Cash,Shipped
40,d77055e1-90e7-453a-9979-62dc1943ed6a,2022-11-25 10:08:20,8e30eb29-ddf9-4a8a-b555-3b68e8d3f891,2,32.95161817016812,65.90323634033624,PayPal,Delivered
41,0fc3ce41-46e2-49ad-bc72-ae017be1633b,2023-02-23 21:15:51,d8d0f1e0-c0fe-4899-bcc4-6c4e1214918b,5,41.47950678078799,207.39753390393997,Cash,Delivered
42,65c17330-cc23-4b2c-a619-89fc847defce,2022-08-22 16:07:02,de6bff30-086c-4933-b644-1c68eaf3353b,2,58.2377092493231,116.4754184986462,Credit Card,Pending
43,90ab4fde-068f-44c6-a755-91011a419ed8,2023-06-23 04:15:19,876dc0ec-f752-4a3a-b92d-ddff7dc4d5e1,2,61.776849397461305,123.55369879492261,PayPal,Shipped
44,c67d4b65-0e21-47cf-b954-8ad06fe3a9b4,2023-03-14 07:13:57,dd58c7f1-dbc0-42c4-abcb-b7b21b72d181,4,62.33828691469109,249.35314765876436,PayPal,Delivered
45,87c7a222-e48e-4f58-b42f-020e1bcc2a26,2022-10-08 18:17:35,4ab962f9-3cb7-49c5-b490-9af1c2fa850f,2,40.32801591690355,80.6560318338071,Credit Card,Shipped
46,40ff64fb-370d-46b0-a335-c52b49af0ef1,2022-12-19 21:10:11,6693abc1-03ea-4fc1-ac7c-7b421f40b93e,3,52.80612256849803,158.4183677054941,PayPal,Shipped
47,c1e9afcd-6ed4-4e83-8ceb-bc72ef19967e,2023-01-02 09:59:34,e2cf4d40-966c-43a3-aad8-068201c6b0b3,4,42.07681190995144,168.30724763980575,Credit Card,Delivered
48,14ce9cb8-cb11-4843-bd79-eb50843a517f,2023-03-14 10:21:41,ff7ce088-2f66-481c-8893-3a72ed0ec2e2,5,11.066369282772829,55.33184641386414,PayPal,Delivered
49,942b2c0d-47ac-474f-8457-01d0f5a9ca96,2022-08-06 23:32:38,fee4b411-5bc9-4a2b-83cf-aba67b204948,2,56.99397465374943,113.98794930749887,Credit Card,Delivered
50,1fc36732-b9fa-4432-b2c6-df869dc9ea07,2023-06-23 07:48:41,4a39c2c8-895c-4428-8abe-ef3b9fce8226,3,92.08307920531743,276.2492376159523,Cash,Shipped
51,c67d4b65-0e21-47cf-b954-8ad06fe3a9b4,2023-07-02 14:27:48,63014ba4-2e4e-4b70-be6c-b4b521d55135,3,73.61418895886946,220.84256687660837,Credit Card,Delivered
52,a455cf42-b585-4b5f-b3d2-6a7c9b23b34f,2022-12-04 06:13:37,3d05d8b7-d808-4f9d-adf5-d602fb7c18a3,4,10.809139745189624,43.236558980758495,Cash,Shipped
53,2319f404-d54f-4d86-ba48-937185ec5911,2022-07-28 16:00:50,20c79dcf-27a0-4593-bb3d-1946fffdb053,1,63.80518874510398,63.80518874510398,PayPal,Pending
54,da0de146-1371-406e-8d86-0ab1afb81837,2022-09-25 05:35:33,974ef761-ce72-4c20-989b-42cb04625586,5,59.85669665416383,299.28348327081915,Cash,Delivered
55,6b25adca-986f-42b1-b9a0-2cdef9851661,2023-07-22 13:30:43,5c465f82-eb63-49c3-a676-6e387c183ed8,5,44.322087036418196,221.61043518209098,Credit Card,Delivered
56,c336f700-e2f8-44ce-a19c-fa6d568813b5,2023-07-06 01:59:58,3c600f4c-02f8-413b-834b-8e5ca83e00e5,4,13.324056420299216,53.296225681196866,Credit Card,Pending
57,ba9bd457-16e3-4def-888b-502499022571,2022-10-19 00:21:33,894e52e2-e88c-4d1a-97f8-52dc48cb1205,5,29.545853775834118,147.7292688791706,Credit Card,Delivered
58,3119792e-fdee-46b9-b395-033231ddae4a,2022-11-04 22:56:26,ed004850-1e87-4ba0-b54c-6f0e940f5b0e,2,64.09024672789239,128.18049345578478,PayPal,Delivered
59,f641ccc2-0844-451f-8cae-3b38f17abce0,2023-01-13 09:49:35,b2277a1f-9daf-4cd2-b4e8-1c528725c45a,1,79.51050522298117,79.51050522298117,Cash,Delivered
60,cd4a81e2-189c-4adf-bad8-6368fe620ffc,2022-11-28 08:38:02,b9aeb9e9-2674-4a35-9bc0-43eb53d4b94a,4,55.17061342766299,220.68245371065197,PayPal,Pending
61,1665f2c3-a895-4b9c-8692-24c1a575f8ed,2023-01-17 17:08:03,07a8e34e-3d28-4597-9c9d-ef98515b16a9,4,43.93773605717812,175.75094422871248,Credit Card,Shipped
62,1fc36732-b9fa-4432-b2c6-df869dc9ea07,2022-12-22 11:23:35,a9df02c5-6d91-4bb3-b23e-e4a8cdd05223,5,10.025431171674128,50.12715585837064,Credit Card,Delivered
63,87c7a222-e48e-4f58-b42f-020e1bcc2a26,2023-04-21 08:22:40,ab7f47c7-88e7-4153-9798-9366353e8bcd,1,65.88090699396615,65.88090699396615,PayPal,Delivered
64,2576723f-f570-4ca4-a0af-4514d5a0aeaf,2023-06-15 23:55:39,55b47f35-de73-4904-bdd7-746a577dce18,2,78.9499148522949,157.8998297045898,PayPal,Pending
65,2319f404-d54f-4d86-ba48-937185ec5911,2023-04-25 10:23:40,d554360b-eb41-4cbf-ae00-2350ca13ee31,5,89.9343311372189,449.67165568609454,Cash,Delivered
66,9f1a5d2e-b744-4a01-905d-2a6fd17f6c7a,2022-08-05 08:39:45,630d815d-a442-44f7-94f4-1df22991ce74,2,15.28412136485544,30.56824272971088,Cash,Pending
67,e32d8b08-4c47-4641-a7a5-1fd59dbf0e94,2023-02-06 14:39:36,4213dfd0-23fa-4362-818d-fe60dc08d052,3,14.59957951531277,43.79873854593831,PayPal,Shipped
68,65c17330-cc23-4b2c-a619-89fc847defce,2023-03-11 01:41:54,13e1f252-5eb0-47c8-9edb-c91f7a342353,5,67.75140673833056,338.7570336916528,PayPal,Pending
69,e09e7565-0252-4288-b254-a0bd9b3b1d7c,2022-09-06 11:30:50,e63cb167-4b25-4277-813d-411473717b7a,1,89.01998946055649,89.01998946055649,PayPal,Pending
70,cd4a81e2-189c-4adf-bad8-6368fe620ffc,2022-12-07 05:06:11,a54302d3-7fe0-470e-a5b4-571ff2bd2161,1,96.72396081811488,96.72396081811488,Credit Card,Delivered
71,c1e9afcd-6ed4-4e83-8ceb-bc72ef19967e,2023-06-09 12:07:02,b84a9d92-aeec-439f-bf85-f81bafafc18f,4,23.37440460313465,93.4976184125386,PayPal,Pending
72,899eb3ff-58a2-4aa6-8469-072a6fc1b281,2023-04-05 16:46:08,f9993871-64f2-499e-adf3-5cf4028a225f,2,10.501995549938991,21.003991099877982,PayPal,Shipped
73,cf188ea6-8ec3-4898-8599-7137498e87df,2023-07-08 23:40:02,010e26d2-11be-41ca-bc4f-f57aee6b75f4,2,54.234191091232205,108.46838218246441,Cash,Pending
74,e3f8f468-cf2f-41da-b53b-96bfddbde7d3,2023-04-25 03:28:25,f83077a7-4fcc-4325-a0eb-9af21003149b,5,54.93669061693483,274.68345308467417,Credit Card,Shipped
75,e09e7565-0252-4288-b254-a0bd9b3b1d7c,2023-04-03 12:16:32,b8ecc225-f5f1-42c0-b507-feca82994f12,4,80.15235480468094,320.60941921872376,Cash,Pending
76,1fc36732-b9fa-4432-b2c6-df869dc9ea07,2022-10-01 21:21:03,8872ebef-6b50-4ea4-be41-1d473bcb90c9,5,70.1655626166563,350.8278130832815,Credit Card,Delivered
77,1228328c-b31d-4079-b872-86d91b118616,2023-01-14 11:45:39,0219ce25-d7b1-4bea-9b85-2529bc0febff,2,83.80296208647701,167.60592417295402,Cash,Pending
78,6d0dc9da-be53-48ba-958c-5c831ef5a702,2023-03-27 20:45:23,4cb9c064-c35a-4dda-8455-0b42f77af214,3,40.22647920743799,120.67943762231397,Cash,Delivered
79,cdded0ee-b676-4fea-993b-90aa9e93678d,2023-03-01 19:42:16,d89a26a2-4330-4efb-8b43-0f001f16622c,5,84.60661487180641,423.03307435903207,Cash,Shipped
80,7e13af72-77a3-4f67-8084-6fe6312b6b38,2023-02-04 11:32:17,3fef5dbd-3e5e-48d8-80d8-391d2bd98375,3,34.00545408551286,102.01636225653857,Cash,Delivered
81,e32d8b08-4c47-4641-a7a5-1fd59dbf0e94,2023-05-11 16:36:46,2842239e-fe59-4d96-80e9-d118b3ef2aef,2,33.31992369957612,66.63984739915225,Cash,Shipped
82,79fb40c4-b9cd-460a-81e0-f9539d9070dd,2023-02-13 22:46:07,57a776a1-c838-4d5f-840f-241ad1308109,3,82.95406299566717,248.8621889870015,Credit Card,Delivered
83,37001a18-9d1f-44d3-b488-44cf94d32d6c,2022-08-14 12:30:14,1706908d-06df-41ce-b774-812a228b906d,3,16.304993602642604,48.91498080792781,PayPal,Delivered
84,adcafe1d-dd8d-433f-98b3-3c4daf41cc1a,2023-05-31 10:35:41,f90f5ada-5935-4fa7-b61c-9954203be394,3,63.98244368490893,191.9473310547268,Cash,Pending
85,e32d8b08-4c47-4641-a7a5-1fd59dbf0e94,2023-05-14 04:04:08,5c13dfdb-fa47-4348-91b9-aedbf07f5f4d,3,42.58723881116685,127.76171643350054,Cash,Delivered
86,db057c0a-5cfb-4555-b99a-6b754d087b24,2023-05-02 19:15:33,20ee60f8-232c-44fc-8a5e-f26bf70ec2bd,4,21.123714547425227,84.4948581897009,Cash,Delivered
87,f4b9249c-5034-4902-9386-fa4b03ba3936,2022-11-09 04:32:52,adb08f6f-2ded-4960-a8c3-6a49d111e84d,3,86.55844604440996,259.6753381332299,Credit Card,Delivered
88,da0de146-1371-406e-8d86-0ab1afb81837,2022-08-13 22:04:59,83cbb5fa-d5a8-4d3a-8f76-fe446dcd812a,5,93.09380536233823,465.46902681169115,Credit Card,Delivered
89,d1db541f-6573-4202-b4e6-621785911d29,2023-03-13 17:11:14,55e1c391-1daa-4170-af18-5e172b17b94e,3,65.6965776956934,197.08973308708022,Cash,Delivered
90,3119792e-fdee-46b9-b395-033231ddae4a,2022-11-03 18:16:30,3ca2da4c-d84f-4ed0-acf1-34f9181be32d,3,61.308125679875744,183.92437703962725,PayPal,Shipped
91,e93860e5-acd3-4fb8-91e0-8fd1de82772c,2023-05-02 17:20:40,dbd25384-a267-44b6-87f7-e91d9f92d384,5,47.960370077826745,239.80185038913373,Cash,Pending
92,bb9234b8-3827-47fb-8901-8deee49f55ed,2023-07-24 08:44:56,9d406fa7-9f37-4a91-a7ed-a660c7d07008,3,46.51266136520668,139.53798409562006,Cash,Shipped
93,aff41c31-1f89-4aa4-95a2-eda6155617e7,2023-04-03 05:11:46,e382f27f-553c-486a-b1e8-592ff6650474,4,96.03129272093818,384.12517088375273,Credit Card,Delivered
94,761e1e15-0306-49b7-90a5-fd5a864bce56,2022-08-25 12:13:59,58e78df1-cb07-41a6-9887-1ca35056dd34,4,10.627928937305509,42.511715749222034,Cash,Shipped
95,63a8703c-8218-46a9-8927-c9f771493816,2022-09-14 16:48:30,a1592e72-f2ca-4e80-9ea2-a2c58689c2ea,1,91.20776623333194,91.20776623333194,Cash,Shipped
96,57b1d9ee-df8e-4823-b8c1-38d339619a5a,2022-08-07 19:18:09,5f730c4f-65cd-4f98-9a06-6f02a260fac5,5,76.5586407621994,382.793203810997,PayPal,Pending
97,906f61e9-d085-40f8-9a96-abdf271b6b31,2023-01-04 07:56:54,ee49e9e8-9027-436b-8d25-c5ce95ad9e85,4,83.20269116123566,332.81076464494265,Credit Card,Delivered
98,841a7a56-17b6-4e87-b236-17c59544342a,2022-12-01 06:11:23,ba1c29a2-f972-4b69-872a-58e9e1d7eafb,3,45.625871872907446,136.87761561872233,Credit Card,Delivered
99,954ea3b7-5bde-46b3-ae9e-701cd80462da,2023-01-05 08:50:11,c4427d72-bb95-4fc1-bf0d-ab786ec4d51a,5,46.58719922572256,232.93599612861277,Cash,Shipped
100,cfbdd92a-010c-4505-8db0-cfa20a436ee9,2022-08-30 13:31:31,22a91db9-85a4-4beb-85de-f1d67a8d8a6b,2,88.7705006534956,177.5410013069912,PayPal,Shipped
101,e30a5b91-3040-4f71-9107-6a676b71c52a,2022-09-05 07:30:10,50faff63-799f-4bf5-9993-5c219c5078c1,5,69.61172187555857,348.0586093777929,Credit Card,Shipped
102,c336f700-e2f8-44ce-a19c-fa6d568813b5,2022-08-31 12:53:49,6c9bd8ea-eaca-4482-8907-582003a1bb3b,3,79.76718711243913,239.3015613373174,PayPal,Pending
103,12878401-2e29-4d23-bb3e-afccc3eb108f,2023-01-12 07:55:26,f020a0eb-53be-4a88-92be-ce92b099ec52,4,79.25609201389835,317.0243680555934,Credit Card,Delivered
104,40e4d79f-c0fd-47e9-b420-1d91201f3de0,2023-03-31 07:33:59,0a1e7e09-a73b-4c30-ae74-31c29a3c4e39,2,53.42503796025831,106.85007592051662,Cash,Shipped
105,a455cf42-b585-4b5f-b3d2-6a7c9b23b34f,2023-06-14 02:30:42,e441cef8-5a29-4b7b-b252-cc7279c8b8e9,1,31.891329663334076,31.891329663334076,PayPal,Delivered
106,a7b0afd7-5c2c-43c4-ab33-85772cda7c90,2022-11-07 21:24:18,91b1701f-87a5-40dc-ac51-8005833b852b,1,59.93123658099661,59.93123658099661,Cash,Shipped
107,f7943930-950e-414c-85b1-b747130cfecb,2023-07-09 03:59:35,e5a8501e-8ef2-4a67-828c-ec62d3023a37,2,57.639190206620015,115.27838041324003,PayPal,Delivered
108,a455cf42-b585-4b5f-b3d2-6a7c9b23b34f,2022-08-22 23:35:10,5793b249-fce8-4e48-868f-9832bf671eba,5,38.44709815987578,192.2354907993789,Credit Card,Pending
109,b35fc1c1-70db-4f17-8001-664037b304ca,2022-12-31 08:23:50,2efa89b5-160e-4d31-b0db-b55750eed844,3,95.56981440921655,286.7094432276497,PayPal,Pending
110,a1424536-8052-4c9e-be7e-5cad765ec6ca,2022-09-04 21:36:50,8dcfc93c-b3ef-4106-a7e8-944655ae9bdd,3,59.212607986019215,177.63782395805765,PayPal,Delivered
111,da0de146-1371-406e-8d86-0ab1afb81837,2022-09-16 21:50:12,82b09265-a0d7-4b3d-a8ee-7afc302e0242,3,89.3626323860378,268.0878971581134,Credit Card,Delivered
112,adcafe1d-dd8d-433f-98b3-3c4daf41cc1a,2022-12-30 17:07:36,0c75c3bd-8745-40dc-8686-11fd58ce1a6f,4,69.37233160365071,277.48932641460283,Credit Card,Pending
113,90ab4fde-068f-44c6-a755-91011a419ed8,2023-01-19 18:08:21,504a3d2e-f8c5-45dc-bbe1-0fecaed4fc9e,5,72.12053028180237,360.60265140901186,PayPal,Delivered
114,d77055e1-90e7-453a-9979-62dc1943ed6a,2022-08-30 11:16:22,5a4e85dd-0ee2-40fe-b374-1538ef86df8f,3,60.555406771914804,181.6662203157444,Cash,Shipped
115,6b25adca-986f-42b1-b9a0-2cdef9851661,2022-08-31 23:35:43,b63b1ba5-e0cf-4605-87c8-744f968edb75,2,35.0933241575743,70.1866483151486,PayPal,Delivered
116,f63067cc-49cc-4e1a-9f4b-f55f490ccfbb,2023-02-07 09:07:46,37523665-b8a5-49b8-909a-2612ba953e48,1,41.2860376752118,41.2860376752118,Cash,Shipped
117,e3f8f468-cf2f-41da-b53b-96bfddbde7d3,2022-09-24 12:22:07,ac007ffc-8b17-4b5f-bee1-0975d991aed8,3,49.47532404740044,148.42597214220132,Cash,Shipped
118,5e7c1ee3-7a4b-4752-b0d0-a11083b0fbb0,2023-01-21 01:47:25,1d226c3f-3f90-420d-b027-b1188253d1cf,5,33.273582561600364,166.36791280800182,Cash,Pending
119,a7b0afd7-5c2c-43c4-ab33-85772cda7c90,2022-09-07 11:24:00,ef73077a-4a7d-4dd2-ba7f-158411a7c449,4,47.96368439248368,191.8547375699347,PayPal,Pending
120,db057c0a-5cfb-4555-b99a-6b754d087b24,2023-05-09 14:40:03,65d75758-e452-43b5-b71d-c811cc7d36ce,1,36.471712684564366,36.471712684564366,PayPal,Shipped
121,c151416b-3c6b-4ac8-8c1b-380fa6286ca6,2023-04-19 02:21:25,11b9b830-33d2-470f-8ca8-adfeddb99cbc,3,40.824514030815195,122.47354209244558,Cash,Delivered
122,c151416b-3c6b-4ac8-8c1b-380fa6286ca6,2022-08-01 04:14:49,cf00f81b-1638-48c0-bc82-d6665a29914a,1,22.05664718675473,22.05664718675473,PayPal,Shipped
123,e09e7565-0252-4288-b254-a0bd9b3b1d7c,2022-10-12 22:01:37,933511bd-e9eb-43b2-9f07-9b441bf189d2,4,10.990982937659057,43.96393175063623,Cash,Delivered
124,f7943930-950e-414c-85b1-b747130cfecb,2022-08-04 19:29:12,9612ff06-0b8c-434c-8d0d-d1afbae53a28,4,21.02682677981808,84.10730711927232,Credit Card,Shipped
125,f641ccc2-0844-451f-8cae-3b38f17abce0,2022-10-08 22:21:45,5035d5e1-a6e7-4efb-8bfe-c1178866dc16,1,57.391900457030296,57.391900457030296,Cash,Delivered
126,a7b0afd7-5c2c-43c4-ab33-85772cda7c90,2022-10-09 07:46:38,0a362b7c-451e-4026-aa5b-96c6b9e14230,5,16.494847761919022,82.47423880959511,Credit Card,Shipped
127,7e13af72-77a3-4f67-8084-6fe6312b6b38,2023-07-04 00:51:29,2ff59522-cb9c-43ce-a14c-c4dcbfee5d04,2,88.56735041783989,177.13470083567978,Credit Card,Delivered
128,a455cf42-b585-4b5f-b3d2-6a7c9b23b34f,2023-01-10 05:36:19,21d694e2-e1bc-4425-b9ac-888c7363b894,1,74.69168365491907,74.69168365491907,PayPal,Delivered
129,8fdd940f-6ca5-4ef7-83eb-fa76890ee294,2022-12-17 03:00:55,837807eb-4217-46d5-811b-5a355bf65474,5,30.341387160485016,151.70693580242508,Cash,Delivered
130,807c911b-155c-4aeb-806f-4bb7a8ba804d,2022-11-10 20:35:34,fd223a50-0488-481f-b7de-fa19d2875205,1,31.336431923063245,31.336431923063245,PayPal,Delivered
131,b35fc1c1-70db-4f17-8001-664037b304ca,2022-11-27 17:35:58,97df61b0-2a07-4f14-afb8-68d740ecd100,3,70.50809950769812,211.52429852309436,Credit Card,Delivered
132,841a7a56-17b6-4e87-b236-17c59544342a,2022-10-08 14:47:08,946617c2-9dea-4c23-9fc6-8e0572e9ea4a,5,49.720269301173516,248.60134650586758,PayPal,Delivered
133,671116c9-66e2-40a6-9ca0-593b524025ba,2023-05-14 08:43:22,7761b5d6-a111-4a19-b129-32436f5a07eb,4,97.25821366140484,389.03285464561935,Cash,Shipped
134,d1db541f-6573-4202-b4e6-621785911d29,2023-05-03 09:48:57,149f6134-ce53-40a1-b969-7daf70768528,5,86.13442200364298,430.6721100182149,PayPal,Shipped
135,9b7ed981-f399-4809-9804-2d5307998690,2022-11-06 19:38:51,5bb74b30-b73d-47fb-a1d5-ad6404e8b09a,1,11.125525570601786,11.125525570601786,Credit Card,Delivered
136,0fc3ce41-46e2-49ad-bc72-ae017be1633b,2022-09-03 13:01:37,abcf2584-0e2a-40f1-8831-eae274b4797d,5,40.64034248810388,203.20171244051943,Cash,Delivered
137,793215d7-fdd4-4e11-b42e-03b28449f693,2022-11-18 17:26:50,1cc4eee4-43da-4523-9481-98c8a3b0d821,2,93.98124229058507,187.96248458117014,Cash,Shipped
138,65c17330-cc23-4b2c-a619-89fc847defce,2023-04-23 07:19:11,d75a62c5-37dd-4124-9456-437e6c6327ca,4,68.06159591187122,272.2463836474849,Cash,Shipped
139,892743dd-871d-4a7c-a62b-47e01ac010cd,2022-10-03 17:09:14,5ba097ae-beb8-4917-85d3-f9f95a957c02,2,20.990276837652807,41.980553675305615,Credit Card,Pending
140,892743dd-871d-4a7c-a62b-47e01ac010cd,2023-05-14 09:19:56,d10006e6-2b87-4f9a-b7a9-ae173d8e789f,1,94.68222436667487,94.68222436667487,Credit Card,Shipped
141,cd4a81e2-189c-4adf-bad8-6368fe620ffc,2023-05-17 08:41:41,c310eb28-e345-4eaa-8c52-aae4b8f8c086,5,68.2211907006475,341.1059535032375,PayPal,Delivered
142,adcafe1d-dd8d-433f-98b3-3c4daf41cc1a,2023-02-09 19:42:47,4debca13-9eeb-499a-85e2-f6ed0c4586ee,2,84.83204603700221,169.66409207400443,Credit Card,Delivered
143,892743dd-871d-4a7c-a62b-47e01ac010cd,2023-05-02 21:38:29,0d898a5a-cbe5-4527-b99c-846d292f3bbf,1,98.31654801186008,98.31654801186008,Credit Card,Delivered
144,6b25adca-986f-42b1-b9a0-2cdef9851661,2023-06-20 10:01:55,b5ce5381-1b63-47c5-83a0-8a2bc98410ad,4,64.65003349925595,258.6001339970238,Credit Card,Pending
145,d1db541f-6573-4202-b4e6-621785911d29,2022-12-23 00:27:58,58c24ba0-df6f-4785-be6d-743377e8ec7a,2,71.68020543200738,143.36041086401477,Credit Card,Shipped
146,0dbee314-8309-40e6-a774-46e9b863c0fb,2022-11-21 16:50:21,7bd81c71-21da-40d4-be2b-27dd3485ba17,4,35.36211785472221,141.44847141888883,Credit Card,Pending
147,0dbee314-8309-40e6-a774-46e9b863c0fb,2022-12-23 05:47:27,a79aa218-3e50-45ab-b492-693583a0af0d,3,40.92334433308081,122.77003299924243,PayPal,Pending
148,0e76445b-ba17-4d98-a552-c6fcd1b87830,2023-07-27 14:55:26,59f7be3e-fa06-49ff-a1b2-01fce364daa9,4,45.22122606109035,180.8849042443614,PayPal,Delivered
149,14ce9cb8-cb11-4843-bd79-eb50843a517f,2022-12-20 16:19:29,b2f39124-2d27-4bd6-be2e-fa99783104d2,2,50.42575545706853,100.85151091413707,Cash,Delivered
150,cdded0ee-b676-4fea-993b-90aa9e93678d,2022-10-08 15:22:16,93a41b32-53d7-4709-ac9a-3d98b12909b8,4,72.59240312250192,290.3696124900077,Cash,Pending
151,be76cad7-1e86-4d37-970e-11353b2cf9e6,2023-01-11 07:37:33,0079cf25-396b-4b43-9823-5478aaca0139,5,85.39908945186924,426.99544725934624,PayPal,Pending
152,90ab4fde-068f-44c6-a755-91011a419ed8,2023-04-03 08:24:54,208d3ca0-89e4-4eb7-a12b-7d267124f5f9,4,39.51994961343051,158.07979845372205,Cash,Delivered
153,14ce9cb8-cb11-4843-bd79-eb50843a517f,2023-05-04 21:52:02,acc2140b-9574-491e-9bc0-ffaa10653793,3,31.67492449166256,95.02477347498768,Credit Card,Delivered
154,807c911b-155c-4aeb-806f-4bb7a8ba804d,2022-09-13 00:41:42,e1f77383-77d5-4d51-8c32-29c6f7bd7c92,2,75.43137669919425,150.8627533983885,PayPal,Shipped
155,279dff20-e252-414d-9a54-e41244433396,2023-03-16 21:29:53,d5d1c9b1-d7b7-4e6b-a59e-19f2d042d9c5,1,83.19264174365932,83.19264174365932,Cash,Pending
156,f4b9249c-5034-4902-9386-fa4b03ba3936,2023-05-31 20:40:52,d49931a1-fea8-48ee-887e-e1b5ddc99f30,3,31.062427925279312,93.18728377583794,PayPal,Delivered
157,7c16247f-c8bd-4542-852b-4da47b2623cc,2022-10-23 07:47:04,5f495f46-2512-4ef8-8e32-4cf062b0391e,2,33.82088927273942,67.64177854547884,Credit Card,Delivered
158,0fc3ce41-46e2-49ad-bc72-ae017be1633b,2023-07-23 12:11:59,9ae3b47c-17e7-46ec-8e1d-e5a4ff26daa3,2,71.10895253407773,142.21790506815546,PayPal,Delivered
159,2319f404-d54f-4d86-ba48-937185ec5911,2023-05-15 02:52:50,453bdb92-489f-40aa-bac3-a84a2e1c3f9c,5,67.60499116606123,338.0249558303061,PayPal,Shipped
160,c151416b-3c6b-4ac8-8c1b-380fa6286ca6,2023-07-25 06:44:14,c96bac5e-5aab-4ac3-bc47-70e6d6f98448,2,94.41598611183136,188.83197222366272,Credit Card,Delivered
161,40e4d79f-c0fd-47e9-b420-1d91201f3de0,2023-02-18 03:29:15,dd4c8a1d-ab70-44a4-badb-4d126c736af1,5,10.444538211081174,52.22269105540587,Cash,Shipped
162,87c7a222-e48e-4f58-b42f-020e1bcc2a26,2023-02-02 21:08:28,16e43bf2-45c0-4fb4-8381-8f7372b4f149,3,73.85996224979736,221.57988674939207,Credit Card,Shipped
163,ebd882ff-5adb-454d-8861-e47721d1e65c,2023-01-15 01:12:03,9a6be1de-78bd-48b5-b4cf-6c219fb0f5c2,3,96.0560392472992,288.1681177418976,Credit Card,Delivered
164,942b2c0d-47ac-474f-8457-01d0f5a9ca96,2022-11-26 18:20:10,f766dfc1-53dc-4376-85a2-4fd3feb66304,3,57.16194147476211,171.48582442428633,PayPal,Delivered
165,1228328c-b31d-4079-b872-86d91b118616,2022-12-03 03:50:03,a54f0705-4553-4c7f-96b3-c96eca5b69f6,3,80.38431117989239,241.15293353967718,PayPal,Delivered
166,63a8703c-8218-46a9-8927-c9f771493816,2023-05-13 19:49:49,76ae1cec-0e8d-4946-81c2-f7111d4007cd,1,19.78731780244555,19.78731780244555,Credit Card,Delivered
167,c1e9afcd-6ed4-4e83-8ceb-bc72ef19967e,2023-04-30 22:55:59,545407fb-2a61-4a29-bc82-3e0931476226,4,73.91984228952316,295.67936915809264,Cash,Shipped
168,dc06d28e-ffcc-4896-b061-b2e15ec850e5,2023-04-26 12:34:47,3775c4d2-ea42-4a15-be6a-1354f8d09822,1,30.78469628171829,30.78469628171829,PayPal,Shipped
169,9f1a5d2e-b744-4a01-905d-2a6fd17f6c7a,2022-12-29 21:41:56,9019ed3a-b495-41bb-9587-9a3f144bc8ae,3,70.89363386282727,212.68090158848182,Credit Card,Shipped
170,d77055e1-90e7-453a-9979-62dc1943ed6a,2023-05-30 22:57:36,16ad935c-c0c3-40c5-ad0f-ef4b7e6018cd,1,37.48595967607204,37.48595967607204,Credit Card,Shipped
171,2319f404-d54f-4d86-ba48-937185ec5911,2022-12-25 08:34:08,edf07d11-c6e6-439b-acad-d550b8b5609c,4,53.60630933127882,214.4252373251153,Credit Card,Shipped
172,5b37a485-ac6d-4e2c-bdad-6e57861383fc,2023-01-31 13:34:09,ecd79846-2d9f-483f-975a-61ce29ce4b7b,1,89.37868867776669,89.37868867776669,Cash,Shipped
173,90ab4fde-068f-44c6-a755-91011a419ed8,2023-01-30 14:04:33,347419a9-d133-416a-8aa5-024c85986f68,2,61.681902559479525,123.36380511895905,Cash,Pending
174,cfbdd92a-010c-4505-8db0-cfa20a436ee9,2023-06-21 07:16:51,455724b1-9403-4645-9d45-9bd9e0c62936,4,12.192440119848747,48.76976047939499,Cash,Shipped
175,335d9d30-9073-4329-908e-4c7b63fa2923,2023-03-19 04:48:12,f834feb9-93be-4d39-8164-fdb0c2b789bf,3,56.2949651969448,168.8848955908344,Credit Card,Pending
176,279dff20-e252-414d-9a54-e41244433396,2023-06-16 23:38:37,ff958fd2-36eb-4eeb-a802-e4ded05d7b39,5,80.71230604270741,403.561530213537,PayPal,Delivered
177,ebd882ff-5adb-454d-8861-e47721d1e65c,2023-05-10 06:17:44,c564d72f-b41a-4e1c-b5f7-081230683510,4,30.623950604772563,122.49580241909025,Cash,Delivered
178,14ce9cb8-cb11-4843-bd79-eb50843a517f,2023-04-23 03:02:02,3acda4ed-293c-44c1-b289-c0f0824c6a46,2,55.98742686402261,111.97485372804522,PayPal,Pending
179,c151416b-3c6b-4ac8-8c1b-380fa6286ca6,2023-02-20 11:32:44,e98eaa8b-b4c3-4ca3-bd9f-d8475df62f6e,3,16.530844915192414,49.59253474557724,Cash,Shipped
180,79fb40c4-b9cd-460a-81e0-f9539d9070dd,2023-06-18 10:58:22,e7fda8c9-1215-4f12-bddf-cd2bcabea2f6,2,64.93544771779455,129.8708954355891,Credit Card,Shipped
181,841a7a56-17b6-4e87-b236-17c59544342a,2023-02-16 14:33:02,9b5c1ce6-af29-4b0d-8647-e23d870b9f14,4,56.6597031610638,226.6388126442552,Credit Card,Shipped
182,942b2c0d-47ac-474f-8457-01d0f5a9ca96,2022-11-07 23:00:22,dd9380f8-3ed9-4f9a-8ed1-2a0a8424f0f3,4,42.881830590093664,171.52732236037465,PayPal,Shipped
183,e32d8b08-4c47-4641-a7a5-1fd59dbf0e94,2022-10-26 14:57:12,eb4264c2-eaf2-412a-9ef2-0e9d20316cd2,2,47.58492600710048,95.16985201420096,Cash,Delivered
184,1649a7e8-bf13-439d-a0f3-666fec235ed7,2023-02-07 18:21:00,03c511d4-e408-4f10-93a1-091a2398f6ac,2,42.68717417606655,85.3743483521331,Credit Card,Pending
185,9f1a5d2e-b744-4a01-905d-2a6fd17f6c7a,2022-11-18 21:20:09,8dc36d9f-452d-4f68-8933-4b7a83beac4a,1,81.56607700113412,81.56607700113412,Credit Card,Delivered
186,279dff20-e252-414d-9a54-e41244433396,2022-12-06 03:19:23,6e85877c-0045-41f0-b4cd-3a62d938f1e7,2,67.80635469958854,135.61270939917708,Cash,Pending
187,d1384af5-d412-4655-97b9-c671cd81c946,2023-03-13 23:48:47,191533cd-8ef5-4fbe-9d30-c720987d29d2,1,84.49023064612445,84.49023064612445,Credit Card,Pending
188,da0de146-1371-406e-8d86-0ab1afb81837,2022-11-26 12:10:12,09c301df-2cf7-47b6-bff6-a9800b82fcf3,4,33.252349372195866,133.00939748878346,PayPal,Pending
189,ba9bd457-16e3-4def-888b-502499022571,2023-06-10 15:31:11,bc67df01-c36c-436f-9912-03b333ce1751,3,26.608259027547042,79.82477708264113,Cash,Delivered
190,a1424536-8052-4c9e-be7e-5cad765ec6ca,2022-10-23 21:43:26,73eb6573-6ada-43ce-9358-890a5c5e9c08,2,60.14367066396946,120.28734132793892,PayPal,Pending
191,adcafe1d-dd8d-433f-98b3-3c4daf41cc1a,2023-02-03 05:21:38,4dd67fd3-1674-4ef9-aa35-85c6d14badf4,3,85.32201968353395,255.96605905060187,Credit Card,Pending
192,d77055e1-90e7-453a-9979-62dc1943ed6a,2022-11-29 13:11:21,c5744a88-5ba9-4cfb-8742-af75010619d1,3,68.40559614132582,205.21678842397745,Credit Card,Delivered
193,892743dd-871d-4a7c-a62b-47e01ac010cd,2022-08-11 14:45:55,cdb97c0e-6d64-4262-87bb-eb54223d5eef,2,43.93295350046844,87.86590700093689,PayPal,Pending
194,1665f2c3-a895-4b9c-8692-24c1a575f8ed,2023-01-12 04:56:25,571535ec-3b1f-4da1-8258-bd5140d87e36,2,38.46770252682062,76.93540505364123,PayPal,Delivered
195,c1e9afcd-6ed4-4e83-8ceb-bc72ef19967e,2022-08-22 12:38:21,eb80c0bb-6fb2-4d4a-b8e0-02660e02febb,3,16.61644584284195,49.84933752852585,Cash,Shipped
196,e3f8f468-cf2f-41da-b53b-96bfddbde7d3,2023-01-25 12:50:38,41cafbf2-2fc6-4a08-a797-d4b2e1e2f8cb,1,91.94386136706825,91.94386136706825,Credit Card,Pending
197,83a312a7-9834-4abb-8ab0-2df05ac04820,2023-05-22 10:33:09,57408f44-9f27-4de0-9cf9-8c5d2f2c31e5,5,59.52040937152029,297.6020468576014,Cash,Delivered
198,f641ccc2-0844-451f-8cae-3b38f17abce0,2022-11-28 10:24:55,200fafda-6e02-43d9-a3b1-f8eab103bef0,1,62.90268500622528,62.90268500622528,Cash,Shipped
199,d1384af5-d412-4655-97b9-c671cd81c946,2022-10-25 06:29:12,94dbf7b3-5f55-4416-ab06-64fe423eb1fd,4,36.44649164163199,145.78596656652795,Cash,Pending
200,cf92c692-d447-4bff-8b87-0b9fc8fc42e4,2022-10-14 01:37:11,412327f7-ee70-471d-9ee8-c563cda1156b,3,70.60917226629218,211.82751679887653,PayPal,Pending
201,63a8703c-8218-46a9-8927-c9f771493816,2023-07-25 12:33:45,421c7b7e-bd88-4151-a4ba-689cc05a3716,4,55.44140249020627,221.7656099608251,Credit Card,Shipped
202,0dbee314-8309-40e6-a774-46e9b863c0fb,2023-01-23 19:35:24,32237215-226c-4919-a963-88e733b908f8,2,53.19186151394919,106.38372302789838,PayPal,Pending
203,841a7a56-17b6-4e87-b236-17c59544342a,2022-12-19 21:25:18,058a814a-8800-4352-9cb8-0a07ae868926,2,78.20507559712713,156.41015119425427,Cash,Delivered
204,a1424536-8052-4c9e-be7e-5cad765ec6ca,2022-12-13 19:37:03,407b0b7b-1f06-4f8a-ad6a-682bd2cf278c,2,98.52806329344016,197.0561265868803,PayPal,Pending
205,96bc47d1-4cbd-49ec-b045-7d2b2e935c71,2022-09-09 11:58:28,93f764a9-bc1a-458a-b4dd-e93ae806d9de,5,57.4296154032563,287.1480770162815,Credit Card,Shipped
206,6d0dc9da-be53-48ba-958c-5c831ef5a702,2023-02-19 04:01:57,50103633-525b-4c6d-8fef-6483512de8aa,3,15.101201826525216,45.30360547957565,Cash,Shipped
207,899eb3ff-58a2-4aa6-8469-072a6fc1b281,2022-08-08 02:05:42,fe1d1e61-78ed-4ad6-8432-8ecd412135a4,2,77.81032415053606,155.62064830107212,Credit Card,Delivered
208,7c16247f-c8bd-4542-852b-4da47b2623cc,2023-05-02 20:49:21,6d1a09db-9abb-4a6f-b48e-2d927d5e728b,4,48.58805416044578,194.35221664178312,Credit Card,Shipped
209,57b1d9ee-df8e-4823-b8c1-38d339619a5a,2023-07-14 22:29:52,2ea0ef20-e2e5-4be2-aeec-8b22637915e2,1,72.11216415623625,72.11216415623625,PayPal,Shipped
210,d77055e1-90e7-453a-9979-62dc1943ed6a,2022-12-21 15:59:59,06533bf5-9f09-4f87-b5df-f89ad3fadf15,4,65.28560447789638,261.14241791158554,Cash,Pending
211,892743dd-871d-4a7c-a62b-47e01ac010cd,2023-07-22 09:52:30,c68c6025-e6ef-4594-8571-a5600aedc48f,2,81.56195561793166,163.12391123586332,Cash,Pending
212,aff41c31-1f89-4aa4-95a2-eda6155617e7,2023-01-21 04:56:09,204102df-ad7b-4136-a737-4e20402d6fa2,1,86.38346702273708,86.38346702273708,Credit Card,Delivered
213,1fc36732-b9fa-4432-b2c6-df869dc9ea07,2023-04-07 06:39:14,9f4b79a6-f4f0-4d39-89f1-7ec4783f4e8c,3,25.577492888784047,76.73247866635214,PayPal,Shipped
214,12ff8450-5451-4127-81c2-4e46bc5bb1d1,2022-10-13 02:22:22,8308ace1-4766-49cb-8211-1e4dc202d882,2,95.89523979277016,191.7904795855403,Cash,Pending
215,c151416b-3c6b-4ac8-8c1b-380fa6286ca6,2023-01-27 11:29:04,efdd7f52-c0c4-403a-8af1-021439362244,1,35.39459490496301,35.39459490496301,Credit Card,Delivered
216,c2f4ef5d-f1e7-479c-9c51-b68b21dece27,2023-05-28 09:55:04,004f5312-3270-4f46-9111-817774696c1d,5,33.28297402065722,166.4148701032861,Credit Card,Delivered
217,87c7a222-e48e-4f58-b42f-020e1bcc2a26,2023-06-01 09:39:03,e40a4b48-7c74-4427-b2e2-55dca7ce1b48,2,69.50831595272012,139.01663190544025,Cash,Shipped
218,33233bec-7c06-47aa-8d4c-74312d77701d,2022-11-03 04:25:50,1946d357-1063-4f9b-92af-31111b473f3b,2,31.42340656512907,62.84681313025814,PayPal,Pending
219,96bc47d1-4cbd-49ec-b045-7d2b2e935c71,2023-03-12 19:15:03,f72f7c6c-92c8-470a-af16-37f5db7f1ea8,3,63.42023000697856,190.26069002093567,Cash,Shipped
220,e32d8b08-4c47-4641-a7a5-1fd59dbf0e94,2023-01-23 16:20:37,3cd22511-f717-4ee8-ba8e-65ecbb8ad999,5,45.52509545384101,227.62547726920505,Credit Card,Pending
221,8fdd940f-6ca5-4ef7-83eb-fa76890ee294,2023-07-18 02:47:11,1b01beca-74e6-43bc-acbe-d3a57b250b90,5,44.073090444702615,220.36545222351307,Cash,Shipped
222,2576723f-f570-4ca4-a0af-4514d5a0aeaf,2022-10-28 13:00:03,1a6ddbeb-8dd2-40de-8f56-8a934f3df0cd,1,18.80593866825648,18.80593866825648,PayPal,Shipped
223,f7943930-950e-414c-85b1-b747130cfecb,2023-03-19 16:44:02,209a24b9-9ae5-4785-bbf9-a5d35653c4b7,1,30.787700790028907,30.787700790028907,Credit Card,Pending
224,83a312a7-9834-4abb-8ab0-2df05ac04820,2022-08-06 12:48:17,3f80029f-4ab1-4f5f-ac1d-abc22a1ab7a8,5,84.4772969259198,422.386484629599,PayPal,Pending
225,12ff8450-5451-4127-81c2-4e46bc5bb1d1,2022-09-04 04:44:00,5f86b271-4410-458d-b68e-eab77330a566,3,73.37642184709532,220.12926554128595,PayPal,Shipped
226,93301d4f-13ce-4838-899f-254f4cb641f6,2022-08-10 17:15:25,3816000b-1b4f-4e5d-bf62-644f73eb3471,1,96.80623086934547,96.80623086934547,PayPal,Pending
227,7c16247f-c8bd-4542-852b-4da47b2623cc,2023-01-23 17:41:04,6a492487-80fb-4d35-a8dc-4e1509fd4103,2,68.1886472054362,136.3772944108724,Credit Card,Delivered
228,b35fc1c1-70db-4f17-8001-664037b304ca,2023-06-12 02:10:40,fc2c7fec-0017-4bac-ae1c-a3814e5c0e34,3,86.53521529686472,259.60564589059413,PayPal,Delivered
229,1665f2c3-a895-4b9c-8692-24c1a575f8ed,2022-11-29 12:36:32,b2230bcb-912d-47e8-9994-1edfe027720f,1,16.507859479958036,16.507859479958036,Cash,Delivered
230,d1384af5-d412-4655-97b9-c671cd81c946,2022-08-29 09:12:26,4952f07a-eac3-4929-9dcd-2fffbe0a560a,3,49.31268870543269,147.93806611629807,Credit Card,Pending
231,671116c9-66e2-40a6-9ca0-593b524025ba,2023-04-07 23:31:07,383a97cd-465f-4b99-8e2c-6d5373a37524,5,80.26486380844648,401.3243190422324,PayPal,Delivered
232,942b2c0d-47ac-474f-8457-01d0f5a9ca96,2023-03-16 16:26:07,1b3e96cf-91a2-4c3f-b559-4da4a9beb548,1,89.06910255341099,89.06910255341099,PayPal,Shipped
233,c336f700-e2f8-44ce-a19c-fa6d568813b5,2022-10-01 23:27:44,033eaba1-f99c-46b9-8bf9-fd50cd91b6ea,5,76.93660349538767,384.68301747693835,PayPal,Pending
234,1665f2c3-a895-4b9c-8692-24c1a575f8ed,2022-11-06 05:09:44,8f705546-ee59-4f95-85bf-f52a13e487d5,3,16.54167442047912,49.625023261437356,Cash,Shipped
235,da0de146-1371-406e-8d86-0ab1afb81837,2022-12-12 18:37:15,b21b296d-3966-4723-8259-fc3e92bc9035,4,54.66371437884862,218.65485751539447,Credit Card,Pending
236,93301d4f-13ce-4838-899f-254f4cb641f6,2023-01-23 15:37:43,cc29b8f5-531f-4e44-a857-e2ad4559c75c,5,91.39995878817992,456.99979394089956,Credit Card,Pending
237,93301d4f-13ce-4838-899f-254f4cb641f6,2023-05-05 16:17:03,69ea2468-2274-4c1b-90e0-5672cf51516c,2,55.46576860554639,110.93153721109277,PayPal,Shipped
238,90c43a02-eab4-442d-8c77-b9c68b13ead1,2022-10-08 21:33:01,ac9cc5c2-7b94-4d87-9bb4-105867c72de4,2,59.33664716369813,118.67329432739626,Credit Card,Shipped
239,83a312a7-9834-4abb-8ab0-2df05ac04820,2023-07-22 00:28:50,408d7f1b-93a9-4972-aa0b-f96727dd7956,3,10.52015248249494,31.56045744748482,PayPal,Shipped
240,892743dd-871d-4a7c-a62b-47e01ac010cd,2023-04-06 02:54:31,0fdd6207-1141-46a8-989d-c18686661551,3,53.31589772553972,159.94769317661917,Credit Card,Shipped
241,e09e7565-0252-4288-b254-a0bd9b3b1d7c,2022-10-22 21:34:47,0db093ff-3ab1-431a-a152-9445128d381e,4,54.66121100541768,218.6448440216707,Cash,Delivered
242,b35fc1c1-70db-4f17-8001-664037b304ca,2023-02-23 16:38:29,2671cc1a-79a9-4571-a13f-29a674dd70ab,3,30.123129640448113,90.36938892134434,Credit Card,Pending
243,adcafe1d-dd8d-433f-98b3-3c4daf41cc1a,2022-08-13 02:51:04,ea6178c3-ab9a-407c-b688-af848a6d5d79,5,88.21376563089554,441.06882815447767,Credit Card,Delivered
244,db057c0a-5cfb-4555-b99a-6b754d087b24,2023-04-26 17:01:05,9f230cd9-cc87-4df7-b79b-8dd64e198fae,3,24.34895257083491,73.04685771250473,Credit Card,Pending
245,e8331d3c-a68d-49fb-98af-12933c600108,2023-01-14 15:00:21,dbc31072-6b0e-4c67-8f8f-11f314d9e3fd,1,55.0188870231163,55.0188870231163,Cash,Delivered
246,c1e9afcd-6ed4-4e83-8ceb-bc72ef19967e,2022-11-19 16:56:11,31933272-1a75-4027-8e5e-777b22a138b0,1,91.73617555517038,91.73617555517038,Credit Card,Delivered
247,e32d8b08-4c47-4641-a7a5-1fd59dbf0e94,2023-07-18 19:07:42,83520f6d-2f88-4f05-8f68-1f97fd81c522,4,88.6279533426583,354.5118133706332,Credit Card,Delivered
248,807c911b-155c-4aeb-806f-4bb7a8ba804d,2023-02-07 14:27:15,7607fac1-4590-4505-8358-dfd4fe9667a1,2,85.07850007167647,170.15700014335295,PayPal,Pending
249,65c17330-cc23-4b2c-a619-89fc847defce,2023-02-02 14:59:58,4605830b-efd7-4066-9d86-40e9c1ec8856,1,50.58038805565247,50.58038805565247,PayPal,Delivered
250,1649a7e8-bf13-439d-a0f3-666fec235ed7,2023-07-02 22:55:47,34576bcb-dc94-4cd4-bd8d-9264cffbf1e7,4,95.5172585944021,382.0690343776084,PayPal,Shipped
251,2576723f-f570-4ca4-a0af-4514d5a0aeaf,2022-10-25 19:57:08,66f3c798-73f2-4e59-a5f5-da6329a23eb9,5,91.91690119971176,459.5845059985588,Cash,Pending
252,0fc3ce41-46e2-49ad-bc72-ae017be1633b,2023-04-18 02:15:30,d26fc18e-5c0f-4f71-9687-90bf522b9cc8,1,74.38854086851615,74.38854086851615,Cash,Delivered
253,a7b0afd7-5c2c-43c4-ab33-85772cda7c90,2022-10-01 16:35:56,13897b9e-42af-4ac3-a801-4681588a2c2e,2,43.97784643229161,87.95569286458321,PayPal,Delivered
254,cfbdd92a-010c-4505-8db0-cfa20a436ee9,2023-05-08 11:33:05,60b52209-876b-4e1a-b1c5-2cc184f13b7c,1,91.85396998650762,91.85396998650762,PayPal,Pending
255,cf188ea6-8ec3-4898-8599-7137498e87df,2022-08-20 23:51:10,10f5810f-d73b-4a7d-8e0a-395794cffb3e,5,84.46333597383877,422.3166798691938,Cash,Shipped
256,79fb40c4-b9cd-460a-81e0-f9539d9070dd,2023-01-17 05:15:14,ae78a74a-be92-40e8-aa09-266eac939d3c,5,67.33701486483491,336.6850743241746,Credit Card,Shipped
257,f7943930-950e-414c-85b1-b747130cfecb,2023-07-07 20:47:21,f3066a26-44e8-4d7a-97dc-2e36cb69c53b,2,65.46233764569119,130.92467529138239,PayPal,Delivered
258,cf188ea6-8ec3-4898-8599-7137498e87df,2023-07-14 02:41:01,747f1001-e92c-41e7-9fe3-4143acf823b8,5,51.299678046219334,256.49839023109666,Cash,Pending
259,adcafe1d-dd8d-433f-98b3-3c4daf41cc1a,2023-01-13 13:41:08,8775fb36-1831-4d0b-b0d0-12629bd0db9b,2,99.88981390607897,199.77962781215794,Cash,Shipped
260,c1e9afcd-6ed4-4e83-8ceb-bc72ef19967e,2022-12-12 06:24:00,30165246-c575-4c7c-910a-a07898a95a90,4,24.060112258870312,96.24044903548125,Credit Card,Pending
261,906f61e9-d085-40f8-9a96-abdf271b6b31,2023-05-13 05:13:26,8cea2d81-a601-4349-add7-c3938b58596d,5,29.61635869308937,148.08179346544685,PayPal,Delivered
262,e93860e5-acd3-4fb8-91e0-8fd1de82772c,2023-04-04 19:48:57,4ddae97c-5c4e-45c4-ad4a-434efa83515b,1,83.38248791477,83.38248791477,Cash,Delivered
263,90ab4fde-068f-44c6-a755-91011a419ed8,2023-03-22 04:36:07,70435fcf-a8aa-4d55-8380-c3e649b8db3d,5,46.83523307412344,234.17616537061718,Credit Card,Shipped
264,93301d4f-13ce-4838-899f-254f4cb641f6,2022-11-19 02:52:10,c28c8deb-e0ab-459c-92df-9b6a07e20caf,2,23.814157551852205,47.62831510370441,Cash,Pending
265,6b25adca-986f-42b1-b9a0-2cdef9851661,2022-08-03 04:19:17,bd6c1f08-aa86-425c-a37f-798fd45e0ff9,3,65.6263492417346,196.8790477252038,Credit Card,Pending
266,a455cf42-b585-4b5f-b3d2-6a7c9b23b34f,2023-01-06 16:12:59,c98ddc67-7f36-48f3-b8ee-3e2dbf2550a7,2,95.85048061828665,191.7009612365733,PayPal,Shipped
267,7e13af72-77a3-4f67-8084-6fe6312b6b38,2022-12-16 03:11:29,95635635-decd-4e7f-be17-ee1e0d2d5bdd,1,32.702948205338686,32.702948205338686,Cash,Delivered
268,c336f700-e2f8-44ce-a19c-fa6d568813b5,2023-06-18 12:42:28,c7014fa5-d8c3-4770-a080-cb00468dcec5,3,45.05450180519834,135.163505415595,PayPal,Pending
269,f4b9249c-5034-4902-9386-fa4b03ba3936,2022-10-18 00:35:06,9345590d-f547-4b98-8b09-4ba838b19018,5,97.98742160617607,489.9371080308804,Cash,Delivered
270,c67d4b65-0e21-47cf-b954-8ad06fe3a9b4,2023-04-29 15:11:53,9828356d-9c72-434d-a248-a5f5ccaa3978,3,38.41423322618276,115.24269967854828,Cash,Shipped
271,7c16247f-c8bd-4542-852b-4da47b2623cc,2023-01-10 04:15:47,991f844c-1240-4cd7-abc0-d8cf0ab95bcb,5,60.73802514873793,303.6901257436897,Credit Card,Delivered
272,e30a5b91-3040-4f71-9107-6a676b71c52a,2023-06-21 21:14:22,2b2dbfe4-5849-4efe-856c-82ea02573be3,4,18.780553697383027,75.12221478953211,Cash,Shipped
273,f63067cc-49cc-4e1a-9f4b-f55f490ccfbb,2023-06-24 06:03:40,3a7968aa-aff5-4844-bb5b-795dd75a3edf,3,85.2791970472298,255.83759114168942,Cash,Pending
274,807c911b-155c-4aeb-806f-4bb7a8ba804d,2023-02-02 16:03:47,684b7b11-1f94-406b-a03c-85d9ec9660d0,1,37.631929051146756,37.631929051146756,Cash,Delivered
275,021506be-913b-4ef7-a0c8-9cc3b816c2cf,2022-12-17 04:37:08,26771f36-717c-4e8f-816f-df2c2776042f,4,80.63491544572449,322.53966178289795,Credit Card,Shipped
276,da0de146-1371-406e-8d86-0ab1afb81837,2023-01-09 10:58:43,38b74351-f634-4170-9b6b-9755b8e3959c,5,43.73224031969745,218.66120159848725,Cash,Shipped
277,671116c9-66e2-40a6-9ca0-593b524025ba,2023-03-08 23:43:06,34f7643b-1c65-494d-8814-98537843b22b,4,54.43473703148713,217.73894812594853,Credit Card,Pending
278,f5865f1b-fd8a-47f9-905e-c05f086f8209,2022-12-19 07:14:48,9e584ef9-6a4b-4654-bed6-0f3ead85c708,2,81.15634297024192,162.31268594048385,PayPal,Delivered
279,cfbdd92a-010c-4505-8db0-cfa20a436ee9,2023-01-12 18:49:50,16651790-3050-4bcc-964d-b6d25b11c003,3,95.01435516422316,285.0430654926695,Credit Card,Delivered
280,ba9bd457-16e3-4def-888b-502499022571,2023-02-24 14:11:59,f40cf203-9342-43a5-a831-2aea1e437153,5,37.80918376228393,189.04591881141965,PayPal,Delivered
281,1649a7e8-bf13-439d-a0f3-666fec235ed7,2023-02-02 02:59:30,cb173fab-42cd-4d90-af4d-159ceb51e809,5,70.83833239978185,354.19166199890924,PayPal,Delivered
282,2319f404-d54f-4d86-ba48-937185ec5911,2022-09-12 18:24:13,ad9acc37-160f-4988-ae02-46b36a47db7f,2,33.53234915221793,67.06469830443586,Cash,Delivered
283,3119792e-fdee-46b9-b395-033231ddae4a,2023-02-04 05:07:09,f68cd6ac-1958-4713-8d7a-38ce85cdbf5f,4,69.52490277356358,278.0996110942543,Cash,Pending
284,e30a5b91-3040-4f71-9107-6a676b71c52a,2023-03-27 22:50:22,ce621a82-5f42-4665-9c7a-b0cb803f4f40,2,53.69516295162402,107.39032590324804,Credit Card,Delivered
285,892743dd-871d-4a7c-a62b-47e01ac010cd,2023-03-28 00:53:30,22eb89a2-ea0e-4343-bb0d-2b37de0355f1,3,69.6395040310164,208.9185120930492,PayPal,Shipped
286,0dbee314-8309-40e6-a774-46e9b863c0fb,2023-01-26 19:35:29,4aa7f491-dfee-43f9-94b1-b150501a9a89,3,24.742067995077555,74.22620398523267,PayPal,Delivered
287,f7943930-950e-414c-85b1-b747130cfecb,2023-07-12 20:25:55,e85a5f1d-d558-4978-aa6d-6560b26c4900,1,12.652937636069893,12.652937636069893,Credit Card,Shipped
288,a7b0afd7-5c2c-43c4-ab33-85772cda7c90,2022-09-17 02:26:03,8d4a5bca-a542-4ab4-b01f-ed30540cecc7,3,68.310714615768,204.93214384730402,PayPal,Shipped
289,e32d8b08-4c47-4641-a7a5-1fd59dbf0e94,2023-01-22 00:44:22,903a395b-09c6-4e8c-83e0-4614edea0747,2,15.153941941905948,30.307883883811897,Cash,Pending
290,954ea3b7-5bde-46b3-ae9e-701cd80462da,2022-12-29 14:49:58,6cf91e7f-1891-4c02-85f4-b4274ed427b7,1,78.94702165506017,78.94702165506017,Credit Card,Delivered
291,1649a7e8-bf13-439d-a0f3-666fec235ed7,2022-09-24 09:20:14,c11e09ed-f3f8-445b-9887-645e663d1eca,5,89.76966952726863,448.8483476363432,PayPal,Shipped
292,e3f8f468-cf2f-41da-b53b-96bfddbde7d3,2023-03-07 17:51:44,f219426e-dfc3-4245-854a-d8aacf804425,1,23.06055384780077,23.06055384780077,Cash,Shipped
293,841a7a56-17b6-4e87-b236-17c59544342a,2023-01-01 01:47:38,27789202-a5cd-4e24-9be5-07a4619ac394,3,12.93073906397506,38.79221719192518,Credit Card,Shipped
294,e8331d3c-a68d-49fb-98af-12933c600108,2023-03-20 20:00:45,4e089218-dbed-4666-8614-20d17e4520c7,2,28.956186817421926,57.91237363484385,Credit Card,Pending
295,c336f700-e2f8-44ce-a19c-fa6d568813b5,2023-01-06 17:33:55,7e2209bb-efa5-4af7-b9c1-a5febd28f8e9,2,15.62192659540296,31.24385319080592,Credit Card,Delivered
296,f641ccc2-0844-451f-8cae-3b38f17abce0,2023-03-11 04:59:40,ce12b467-6e2f-409c-aee4-96a073485936,2,34.41885792192664,68.83771584385327,PayPal,Delivered
297,906f61e9-d085-40f8-9a96-abdf271b6b31,2023-04-30 04:42:08,9ed06884-a765-4f0e-a1a0-eb22dd55efa2,2,53.874259522429156,107.74851904485831,Cash,Shipped
298,bb9234b8-3827-47fb-8901-8deee49f55ed,2022-10-30 16:17:59,416644f7-7987-4003-b20a-5c8a2fb14fc9,3,11.656570675315102,34.969712025945306,PayPal,Pending
299,33233bec-7c06-47aa-8d4c-74312d77701d,2022-09-25 08:21:08,a40a97de-10bc-4795-b8b5-dfdaed7c6f28,3,11.022726154365678,33.068178463097034,Credit Card,Delivered
300,cf188ea6-8ec3-4898-8599-7137498e87df,2023-07-18 11:31:47,6ccbed8c-d54a-4d70-8caa-17724c91e85b,2,60.8043729301289,121.6087458602578,Credit Card,Shipped
301,cdded0ee-b676-4fea-993b-90aa9e93678d,2023-03-28 20:19:27,91eeb5f8-901f-44a6-97d7-7aa451733b73,1,69.39318906163311,69.39318906163311,Cash,Shipped
302,c1e9afcd-6ed4-4e83-8ceb-bc72ef19967e,2022-08-10 19:32:34,b8d51c02-0abd-495c-8e40-23128b77c6e4,3,73.88287288479395,221.64861865438186,Credit Card,Shipped
303,65c17330-cc23-4b2c-a619-89fc847defce,2022-08-28 07:43:32,9f7a16d0-accb-4e44-bd87-9527b7e59089,3,17.334277705247843,52.00283311574353,Cash,Shipped
304,cf188ea6-8ec3-4898-8599-7137498e87df,2022-08-09 21:22:26,0b38c970-36cc-4eeb-bff0-21fad45d3011,2,99.89670785409812,199.79341570819625,PayPal,Pending
305,73ef513c-6454-4e4b-8573-05f089d79d3a,2022-11-23 06:49:03,607d574b-9d59-41b8-af85-f4ba3ed2e663,5,11.413732639254139,57.06866319627069,Cash,Shipped
306,335d9d30-9073-4329-908e-4c7b63fa2923,2023-06-07 22:49:57,6ee045f9-6abc-413c-ac15-4e6b2c9ae34d,4,58.155189666381595,232.62075866552638,PayPal,Shipped
307,c67d4b65-0e21-47cf-b954-8ad06fe3a9b4,2022-07-31 01:25:32,87b40303-595a-46da-881e-b9607360f891,4,13.598766093794751,54.395064375179004,PayPal,Pending
308,954ea3b7-5bde-46b3-ae9e-701cd80462da,2023-05-24 09:39:13,039ea0ed-dfee-4e82-84af-e724fc8e80c2,4,94.74831179130913,378.99324716523654,Credit Card,Delivered
309,e8331d3c-a68d-49fb-98af-12933c600108,2022-10-08 14:46:36,36e1acf3-258e-4714-83e0-f63d03d95376,1,89.81810160406165,89.81810160406165,Credit Card,Delivered
310,d1384af5-d412-4655-97b9-c671cd81c946,2023-02-02 01:14:16,0c56d217-908d-4876-9a17-ebbee324734d,4,45.74086107562922,182.96344430251688,Credit Card,Delivered
311,87c7a222-e48e-4f58-b42f-020e1bcc2a26,2023-03-23 01:24:47,039b997c-54cb-4814-86b8-74fce93f1c38,5,96.25936530272098,481.2968265136049,Cash,Pending
312,d1db541f-6573-4202-b4e6-621785911d29,2022-11-26 06:56:31,a0a4fc68-3b55-4ba9-b8bb-8be2b406f3c6,2,93.97557974253397,187.95115948506793,PayPal,Shipped
313,73ef513c-6454-4e4b-8573-05f089d79d3a,2023-06-25 01:01:08,fc8ce50e-fe1a-4248-a549-6ec530010bd7,5,99.86744352742289,499.33721763711446,Credit Card,Delivered
314,90c43a02-eab4-442d-8c77-b9c68b13ead1,2022-11-14 21:25:48,896c2ddf-2d4a-4677-8f5b-adfbc61826b2,3,12.882330675227555,38.646992025682664,PayPal,Delivered
315,6ae944cf-3aa3-4a80-93b1-25c9685f7cc3,2023-03-22 09:59:54,bed372e0-ffdf-49e0-986f-5fc19b8fe684,3,68.77495198932317,206.3248559679695,Credit Card,Delivered
316,c5bd5a93-7a0d-49da-90c8-4cccda84d15f,2022-09-03 21:06:26,a465d8d0-2ef0-41cf-b225-729e10a15ed0,1,43.30452027120905,43.30452027120905,Cash,Pending
317,b35fc1c1-70db-4f17-8001-664037b304ca,2022-10-08 18:48:53,09f9bc53-50b6-419f-9afa-a027d0fdc52a,4,92.86875929709903,371.47503718839613,Credit Card,Delivered
318,79fb40c4-b9cd-460a-81e0-f9539d9070dd,2023-03-15 05:45:31,676d3852-da4f-47c2-b7f4-13bfe44f28c4,4,13.672229323437065,54.68891729374826,Credit Card,Shipped
319,73ef513c-6454-4e4b-8573-05f089d79d3a,2022-10-01 22:37:56,4d7e8336-6760-49cc-8de1-016c7efd0365,3,57.75707372464025,173.27122117392076,Credit Card,Pending
320,899eb3ff-58a2-4aa6-8469-072a6fc1b281,2023-01-21 09:04:49,8e19b5ad-1709-4cf9-b317-0c13e9b23ddb,3,27.316291794698724,81.94887538409617,PayPal,Pending
321,1649a7e8-bf13-439d-a0f3-666fec235ed7,2023-06-09 04:32:45,47deb35e-4f51-4b4b-9e05-80cd29022964,3,68.05096509831628,204.15289529494885,PayPal,Pending
322,68cad323-a9c7-41e1-8cf4-d911c7854654,2022-11-11 13:14:47,ec457ece-0b66-4a16-b941-4eee001d3f53,1,56.9284367809701,56.9284367809701,PayPal,Pending
323,2319f404-d54f-4d86-ba48-937185ec5911,2023-03-19 01:09:42,3ec415f4-6f7f-46a2-84a9-fbab69904b3a,4,15.431184048376807,61.724736193507226,Credit Card,Delivered
324,cd4a81e2-189c-4adf-bad8-6368fe620ffc,2022-09-22 03:17:20,cd191ff5-a3e8-445a-9672-40bb8b48834a,5,36.24711685250118,181.23558426250588,Credit Card,Pending
325,33233bec-7c06-47aa-8d4c-74312d77701d,2023-03-12 00:01:10,8ac475bf-fd38-45b3-a565-22edf991e76a,4,18.75541498320775,75.021659932831,Credit Card,Pending
326,954ea3b7-5bde-46b3-ae9e-701cd80462da,2022-10-09 02:43:52,7313335c-7468-4878-a4ee-71522ac3308c,2,28.55912597496759,57.11825194993518,Cash,Pending
327,b35fc1c1-70db-4f17-8001-664037b304ca,2022-11-05 16:25:42,ba7e804b-dde1-4711-b864-d5014d4fdf94,4,57.156064435975274,228.6242577439011,Credit Card,Shipped
328,9f1a5d2e-b744-4a01-905d-2a6fd17f6c7a,2022-09-29 08:37:38,b45d5b3b-fb44-46d6-94d4-c567a525d508,2,31.562753611495257,63.125507222990514,PayPal,Pending
329,7c16247f-c8bd-4542-852b-4da47b2623cc,2022-08-29 15:18:15,70171271-52e8-459e-a570-ca94fe0261ba,2,29.658097190545597,59.316194381091194,PayPal,Shipped
330,794da22a-7bfc-48e2-8e61-0cc8143ba8b5,2022-12-02 03:04:29,9acb00b6-de25-4a1f-82c8-1dd16dc93dbc,4,89.52175598649414,358.08702394597657,Cash,Shipped
331,c336f700-e2f8-44ce-a19c-fa6d568813b5,2023-03-02 01:08:07,872f0b40-87fd-40d2-a13f-00f595062441,2,30.979963270187504,61.95992654037501,PayPal,Shipped
332,2576723f-f570-4ca4-a0af-4514d5a0aeaf,2023-03-31 11:43:57,6669f6a8-519f-46c5-a4d1-77ed66cbb978,4,94.99547920693436,379.98191682773745,Cash,Shipped
333,da0de146-1371-406e-8d86-0ab1afb81837,2023-07-21 11:01:36,c211d1cc-a192-42f9-a3bd-625edde815a9,3,62.89867743334217,188.6960323000265,Cash,Delivered
334,87c7a222-e48e-4f58-b42f-020e1bcc2a26,2023-01-28 10:08:38,92466df3-9132-434f-9982-7cadfdf3e5a2,3,20.10934304713195,60.32802914139585,Cash,Delivered
335,279dff20-e252-414d-9a54-e41244433396,2023-05-28 23:56:45,66d21813-11ac-4169-8f8c-7fffeb312523,5,84.53913044635486,422.6956522317743,PayPal,Delivered
336,79fb40c4-b9cd-460a-81e0-f9539d9070dd,2022-08-07 06:03:40,452033f9-c47f-495c-943d-ef19612ac30b,4,40.52353583403678,162.0941433361471,Cash,Shipped
337,671116c9-66e2-40a6-9ca0-593b524025ba,2023-07-27 06:32:11,864be671-273a-43b8-9bea-d825e007493a,2,90.36711111190549,180.73422222381097,PayPal,Shipped
338,c5bd5a93-7a0d-49da-90c8-4cccda84d15f,2023-05-17 02:27:47,0c1ffdc8-1f39-4141-ab1e-a1d54ef4dde0,1,36.47638681854911,36.47638681854911,Credit Card,Pending
339,1228328c-b31d-4079-b872-86d91b118616,2023-07-11 20:58:13,8dee5efc-46c4-479c-820f-15c4d913cd63,2,24.312064405027627,48.624128810055254,Credit Card,Pending
340,f63067cc-49cc-4e1a-9f4b-f55f490ccfbb,2023-07-25 08:17:02,ac4963ef-646e-430e-93cf-c2412d8308e1,1,60.6840238596868,60.6840238596868,Cash,Delivered
341,fdc8a131-6632-448a-a678-e218b4915f4f,2022-12-27 02:21:31,02d207bc-2b46-4c48-a07c-1e622646c4f2,3,13.936877690763763,41.81063307229129,PayPal,Delivered
342,9e4e777f-3ef7-4078-b921-d093d152e861,2023-02-04 10:23:02,4aefbd32-8a38-4bf6-9f7c-96a9f323c7fe,5,38.163243321667544,190.81621660833773,PayPal,Shipped
343,cdded0ee-b676-4fea-993b-90aa9e93678d,2023-07-04 06:24:27,513d99ba-1d19-4ac2-abb5-9766d3429c2d,1,77.46436790461685,77.46436790461685,Credit Card,Delivered
344,ba9bd457-16e3-4def-888b-502499022571,2023-01-11 18:16:54,4e43ac92-ee22-49bc-9ac0-3967a860f817,4,42.80633693468737,171.2253477387495,Credit Card,Delivered
345,d1384af5-d412-4655-97b9-c671cd81c946,2022-11-23 23:20:15,edbacf95-6ca4-40a4-a1c4-a1d2a84dd5f6,4,85.98559417994606,343.94237671978425,Cash,Delivered
346,794da22a-7bfc-48e2-8e61-0cc8143ba8b5,2022-12-26 09:48:18,9117993f-3682-45e5-9b11-3f8d73f3dc67,5,76.26848729819939,381.34243649099693,PayPal,Pending
347,ba9bd457-16e3-4def-888b-502499022571,2023-03-01 19:03:31,7e372649-0c56-4929-82c1-3935381346ca,3,43.68132391905681,131.04397175717043,Cash,Delivered
348,021506be-913b-4ef7-a0c8-9cc3b816c2cf,2022-12-18 20:38:41,effe3bcd-ab7a-4e14-8892-8094c2f521b0,5,27.143079253636103,135.7153962681805,Cash,Delivered
349,6c451b57-3dba-4ee9-8cc1-9b237cd44e1d,2023-04-22 16:25:06,179624bd-f88e-4fba-bcf9-fb3be4a620f5,4,90.21050004811472,360.8420001924589,Cash,Delivered
350,cf188ea6-8ec3-4898-8599-7137498e87df,2022-08-17 18:49:28,807a3f5b-2788-4ebc-950c-0b2fa173baf9,5,63.575757032540274,317.8787851627014,PayPal,Delivered
351,96bc47d1-4cbd-49ec-b045-7d2b2e935c71,2023-04-29 13:11:32,42a68a39-5095-4577-8254-4680fb7608c0,4,89.67981917297142,358.7192766918857,Cash,Pending
352,a1424536-8052-4c9e-be7e-5cad765ec6ca,2022-11-19 05:31:48,fdd24210-11ce-4641-9a26-976e97b3607d,2,65.26983919087222,130.53967838174444,PayPal,Delivered
353,5e7c1ee3-7a4b-4752-b0d0-a11083b0fbb0,2023-06-12 15:59:44,02014acd-a7c6-4376-8154-dc67058d615c,1,73.24787937983041,73.24787937983041,Credit Card,Shipped
354,5e7c1ee3-7a4b-4752-b0d0-a11083b0fbb0,2022-10-09 10:49:01,39cd1039-1e41-4d69-a0a3-ec307844e57f,1,86.35452223346094,86.35452223346094,Cash,Shipped
355,f5865f1b-fd8a-47f9-905e-c05f086f8209,2022-11-07 23:04:33,76ce39b4-4877-4f50-99c8-03764489d412,3,10.316033054404286,30.94809916321286,Credit Card,Delivered
356,12878401-2e29-4d23-bb3e-afccc3eb108f,2023-04-26 20:33:05,91e93979-11f5-403e-b697-0a57b74415e3,4,72.50333894073611,290.01335576294446,Cash,Shipped
357,6c451b57-3dba-4ee9-8cc1-9b237cd44e1d,2023-01-17 23:40:57,0b00740a-7c6c-4814-a089-02398825fa12,4,85.30862914938274,341.23451659753096,Cash,Pending
358,5e7c1ee3-7a4b-4752-b0d0-a11083b0fbb0,2022-12-22 03:02:40,cf4f5732-0332-41c9-9c42-2156000f8651,3,57.89111833141569,173.67335499424706,Credit Card,Pending
359,a455cf42-b585-4b5f-b3d2-6a7c9b23b34f,2023-07-16 00:12:35,b94508a2-eccb-4e53-be57-0e4d12c2b9a0,2,38.779242453177304,77.55848490635461,Cash,Delivered
360,f7943930-950e-414c-85b1-b747130cfecb,2023-07-03 11:10:02,3f5f4e47-6895-47fc-a30e-59f52aad47e9,1,90.23928917596159,90.23928917596159,PayPal,Pending
361,ebd882ff-5adb-454d-8861-e47721d1e65c,2023-07-16 02:46:12,83f3eef1-f6da-47c8-b787-7b89ba0f8748,5,97.66149669821645,488.3074834910823,Cash,Pending
362,c2f4ef5d-f1e7-479c-9c51-b68b21dece27,2023-06-24 04:10:39,cd17373c-e6f6-4b4c-89e0-d60defda95cf,5,23.057037426811817,115.28518713405909,PayPal,Shipped
363,0e76445b-ba17-4d98-a552-c6fcd1b87830,2022-10-27 09:11:37,c7a7fec9-01ee-44b7-b39c-bedab5a29976,2,23.654089289797888,47.308178579595776,PayPal,Pending
364,279dff20-e252-414d-9a54-e41244433396,2023-04-18 11:40:42,56be4400-5bdd-4ded-bf26-e485919aa22b,2,81.60976264637978,163.21952529275956,Credit Card,Shipped
365,57b1d9ee-df8e-4823-b8c1-38d339619a5a,2023-06-24 20:22:54,552cccf8-5b27-484b-bc12-9e8f76af726e,5,84.79827755552304,423.9913877776152,Credit Card,Shipped
366,2319f404-d54f-4d86-ba48-937185ec5911,2023-03-30 09:16:50,1bf36978-f969-4b24-a4d5-028a7386afcc,1,10.687417502647328,10.687417502647328,Cash,Pending
367,63a8703c-8218-46a9-8927-c9f771493816,2022-11-28 17:36:10,6b210990-83d0-40ca-a15b-d4136c838368,3,46.56498977796686,139.6949693339006,Cash,Delivered
368,0fc3ce41-46e2-49ad-bc72-ae017be1633b,2023-03-27 09:18:22,a1b40ed0-b335-4a1b-9258-6c402ae43f76,2,62.22451822946147,124.44903645892293,Credit Card,Pending
369,e93860e5-acd3-4fb8-91e0-8fd1de82772c,2022-10-08 20:48:06,e9f26696-965f-4f5d-adfa-d28c6572c8b5,2,36.194019993324154,72.38803998664831,Credit Card,Pending
370,cfbdd92a-010c-4505-8db0-cfa20a436ee9,2022-09-19 10:36:36,a2625176-65a2-4031-9d14-8db775791914,3,52.91556681400902,158.74670044202705,PayPal,Shipped
371,a7b0afd7-5c2c-43c4-ab33-85772cda7c90,2023-05-07 21:14:37,341e5043-4894-4237-a6d0-1eb0f000e2f0,3,73.24458815319461,219.73376445958382,Credit Card,Shipped
372,79fb40c4-b9cd-460a-81e0-f9539d9070dd,2022-11-28 09:01:42,b39d623e-7ae2-4fc2-a34d-b7e32639a173,3,60.32558681144293,180.9767604343288,Credit Card,Pending
373,d77055e1-90e7-453a-9979-62dc1943ed6a,2023-04-11 16:59:04,6c3e9e90-e784-439d-8b83-f0def91a2319,4,71.72437905350094,286.89751621400376,PayPal,Pending
374,0fc3ce41-46e2-49ad-bc72-ae017be1633b,2023-03-22 12:21:55,a6f2b51d-ec7a-4350-9bb8-55ec08a50291,2,22.299821131019566,44.59964226203913,PayPal,Pending
375,7c16247f-c8bd-4542-852b-4da47b2623cc,2023-03-07 03:44:00,e211eecc-6534-4cd5-970e-271d8beba557,4,29.758392864399855,119.03357145759942,Credit Card,Pending
376,adcafe1d-dd8d-433f-98b3-3c4daf41cc1a,2023-05-18 03:59:51,e7d985e5-40af-447c-bf68-97176c28715d,5,15.06887376085304,75.3443688042652,PayPal,Delivered
377,942b2c0d-47ac-474f-8457-01d0f5a9ca96,2023-03-04 12:56:11,9182f9a2-b219-4dbc-9ff8-89b28e420ae5,5,17.25180259909086,86.2590129954543,PayPal,Pending
378,73ef513c-6454-4e4b-8573-05f089d79d3a,2023-03-29 03:01:37,7662f23a-dd12-4b35-b844-4351b90431c3,5,61.32313383817787,306.6156691908893,Cash,Shipped
379,5e7c1ee3-7a4b-4752-b0d0-a11083b0fbb0,2023-03-31 06:41:58,7a2dcce5-1474-4e91-aaae-fc464773aff6,1,62.52242549853543,62.52242549853543,Credit Card,Pending
380,0fc3ce41-46e2-49ad-bc72-ae017be1633b,2022-07-29 04:42:45,2852bde2-96b5-480e-b6e7-b948b407588f,5,12.045465516611726,60.22732758305863,Cash,Delivered
381,1649a7e8-bf13-439d-a0f3-666fec235ed7,2023-03-03 07:06:20,d4d78bc5-e99f-4adb-8201-caeffe501ab6,1,96.45898997747867,96.45898997747867,Credit Card,Pending
382,cfbdd92a-010c-4505-8db0-cfa20a436ee9,2023-01-31 09:13:52,9cf129be-c8e0-4f4f-9101-7cd64936e0e7,5,12.404481862960694,62.02240931480347,Credit Card,Shipped
383,6ae944cf-3aa3-4a80-93b1-25c9685f7cc3,2022-08-23 06:42:29,10d81bf4-fa56-403e-a213-0bf3cd44015c,2,76.90490536655676,153.80981073311352,PayPal,Delivered
384,f3364303-992b-4bf9-a023-fafe1e05bb02,2022-08-31 07:53:20,e76505c9-fd6e-48a1-8c07-c8f5cccb124c,1,93.3405774308017,93.3405774308017,Cash,Shipped
385,6c451b57-3dba-4ee9-8cc1-9b237cd44e1d,2023-07-20 15:41:33,c435d7bc-1fd6-4590-a35b-6a0bb2610d43,4,30.675439744917014,122.70175897966806,PayPal,Delivered
386,899eb3ff-58a2-4aa6-8469-072a6fc1b281,2022-10-09 04:32:03,99787aaf-7b0f-4194-a98d-60dfc01678dc,1,72.43269939371801,72.43269939371801,Credit Card,Shipped
387,b35fc1c1-70db-4f17-8001-664037b304ca,2023-01-28 03:06:03,a12cc931-83e9-4296-ba8d-7ac0af8bfbe8,2,40.29271900486269,80.58543800972538,PayPal,Delivered
388,906f61e9-d085-40f8-9a96-abdf271b6b31,2023-05-21 10:57:16,71be93eb-3a42-4d78-bc2f-4d88110e8e1a,3,72.71222993823336,218.1366898147001,Cash,Pending
389,da0de146-1371-406e-8d86-0ab1afb81837,2022-08-10 19:07:55,78b320fe-bfab-46ca-899c-13ee1a328405,4,38.70103194861795,154.8041277944718,Credit Card,Pending
390,1fc36732-b9fa-4432-b2c6-df869dc9ea07,2023-07-18 10:21:07,216735d4-1378-4215-9af0-3067bd71bb7b,5,75.00971897770833,375.04859488854163,Cash,Shipped
391,279dff20-e252-414d-9a54-e41244433396,2023-06-07 21:51:42,f05bb779-736e-4c05-97e9-05c99f9d54df,2,81.5636100798801,163.1272201597602,Credit Card,Shipped
392,dc06d28e-ffcc-4896-b061-b2e15ec850e5,2023-05-25 21:44:51,b490577c-3829-4c13-90ba-bea759e34044,3,73.70568427647666,221.11705282942998,Credit Card,Shipped
393,7c16247f-c8bd-4542-852b-4da47b2623cc,2022-11-21 05:17:10,3bcb14f2-4cad-403e-b0e1-e732405ea2b3,1,94.33395683266887,94.33395683266887,PayPal,Pending
394,f641ccc2-0844-451f-8cae-3b38f17abce0,2022-11-30 16:14:54,d6d29cfa-4491-48e7-858a-fcc244c10ed9,5,15.605208177180243,78.02604088590121,Cash,Delivered
395,65c17330-cc23-4b2c-a619-89fc847defce,2023-02-11 18:33:40,1a175cbf-3f6a-43ef-8eeb-003abaa41626,1,76.5811632960989,76.5811632960989,Credit Card,Delivered
396,c336f700-e2f8-44ce-a19c-fa6d568813b5,2023-04-13 16:20:52,d8cf883d-f3a8-4724-a238-7dc83b0624f3,4,66.33932161641823,265.3572864656729,Cash,Pending
397,793215d7-fdd4-4e11-b42e-03b28449f693,2022-08-25 07:35:13,32483c82-ad02-4d3c-8108-0cb2232f0487,1,82.41347066163891,82.41347066163891,Credit Card,Shipped
398,279dff20-e252-414d-9a54-e41244433396,2022-12-25 04:40:28,45811f00-ea31-48d5-bffd-31b9f6d05516,4,14.353695999689371,57.414783998757486,Credit Card,Shipped
399,12ff8450-5451-4127-81c2-4e46bc5bb1d1,2023-05-30 16:32:22,d9944ab0-a07e-4ec0-9b0c-f64e074484f4,4,59.15409308836474,236.61637235345896,Credit Card,Shipped
400,b35fc1c1-70db-4f17-8001-664037b304ca,2023-06-12 14:48:01,93ec7a56-6886-4c25-9205-62dc45fa2b5c,5,40.64210749614058,203.2105374807029,PayPal,Delivered
401,0fc3ce41-46e2-49ad-bc72-ae017be1633b,2023-04-17 18:24:44,57bc893d-3f25-4a99-a718-4a739fa3d8d8,2,28.03184575279368,56.06369150558736,Cash,Pending
402,7e13af72-77a3-4f67-8084-6fe6312b6b38,2023-07-25 15:56:41,e971278f-ac36-4cfc-ad99-f2390631fb5f,2,51.55508829164365,103.1101765832873,Credit Card,Pending
403,90c43a02-eab4-442d-8c77-b9c68b13ead1,2023-05-23 10:27:30,d4292f34-4280-44ba-b55e-55facb3ebb3e,3,97.73731237383555,293.21193712150665,Credit Card,Pending
404,cd4a81e2-189c-4adf-bad8-6368fe620ffc,2023-07-28 01:23:16,eca3002a-3586-4585-b2cd-cbd6390ee4ca,2,42.661772759978405,85.32354551995681,Credit Card,Delivered
405,f4b9249c-5034-4902-9386-fa4b03ba3936,2023-05-13 22:40:54,d87bf32a-6f1f-481c-92fd-1116353421f1,4,83.00782674029304,332.03130696117216,Credit Card,Delivered
406,db057c0a-5cfb-4555-b99a-6b754d087b24,2023-07-07 15:05:10,131c2d0e-7228-4bc6-8e7d-1693ebe7f0d8,3,89.10036773344221,267.3011032003266,Credit Card,Delivered
407,33233bec-7c06-47aa-8d4c-74312d77701d,2022-12-01 11:22:36,db697c57-4240-42c1-b7a8-233227761e7d,3,28.109380722435887,84.32814216730766,Cash,Shipped
408,6d0dc9da-be53-48ba-958c-5c831ef5a702,2022-10-19 19:22:28,228a0bfb-50e3-472b-94d8-9155b0167bba,2,48.87875512696902,97.75751025393804,PayPal,Shipped
409,cd4a81e2-189c-4adf-bad8-6368fe620ffc,2023-05-19 07:14:34,0e6fce6c-9f88-4193-8a46-dcc9f7e4804a,5,23.430990510935445,117.15495255467722,PayPal,Pending
410,f641ccc2-0844-451f-8cae-3b38f17abce0,2023-07-16 18:46:15,22eaa3e8-284b-40bc-9f33-7a149a8d3cfe,5,62.95682626886118,314.7841313443059,PayPal,Delivered
411,3119792e-fdee-46b9-b395-033231ddae4a,2023-04-29 16:47:59,f56bf9af-057a-40dd-a78c-62f1e3250d6a,3,62.5627493230633,187.6882479691899,Cash,Delivered
412,a455cf42-b585-4b5f-b3d2-6a7c9b23b34f,2023-07-18 20:26:08,a52e9603-b861-404f-90fd-55e03af4a4cb,3,50.86070549480855,152.58211648442565,Cash,Delivered
413,c1e9afcd-6ed4-4e83-8ceb-bc72ef19967e,2023-04-22 03:24:06,98a0bba8-fa83-4d48-8af0-ce9a82dff742,2,58.87745540832325,117.7549108166465,PayPal,Delivered
414,ca62adcc-8a41-4284-ad3b-4101df0e2fab,2023-06-24 12:00:37,9d374a24-9b64-4bd4-972a-77d15012e9fb,2,32.15463698495909,64.30927396991818,PayPal,Delivered
415,fdc8a131-6632-448a-a678-e218b4915f4f,2022-12-02 03:30:01,4843523b-d32f-428d-9ead-45fb67cdbffe,3,94.58140123502653,283.7442037050796,Cash,Shipped
416,892743dd-871d-4a7c-a62b-47e01ac010cd,2022-12-22 12:03:10,b50d5741-d5ba-49fd-a7ab-3dd52eea9e25,5,40.02568262751941,200.12841313759705,Credit Card,Pending
417,37001a18-9d1f-44d3-b488-44cf94d32d6c,2022-08-12 13:02:41,87f59002-4c96-46ee-9158-634f76a38657,4,12.556036582165715,50.22414632866286,Credit Card,Delivered
418,279dff20-e252-414d-9a54-e41244433396,2022-09-25 18:19:34,bc01b2d5-d13d-42c2-8ae2-80d3e3cff1b3,5,81.40149616969323,407.0074808484662,Credit Card,Shipped
419,f3364303-992b-4bf9-a023-fafe1e05bb02,2023-03-21 10:31:23,af38b21f-b344-464e-8b35-5919c9d0427a,1,15.963813445359037,15.963813445359037,Cash,Delivered
420,a7b0afd7-5c2c-43c4-ab33-85772cda7c90,2023-06-19 06:40:23,c7b2028c-9201-4f9b-b32a-5cc8c223786b,4,28.21604753442377,112.86419013769508,PayPal,Delivered
421,14ce9cb8-cb11-4843-bd79-eb50843a517f,2022-10-08 13:30:32,72861d47-40a1-4395-9b48-6656b192d829,4,82.85486279534169,331.41945118136675,Cash,Delivered
422,5b37a485-ac6d-4e2c-bdad-6e57861383fc,2023-05-13 17:01:37,526bb70d-2a99-4cc8-99f6-af1d22edcdef,4,41.30183102258354,165.20732409033417,Cash,Pending
423,12ff8450-5451-4127-81c2-4e46bc5bb1d1,2023-02-24 16:15:29,acf6b4e7-b1f8-4aaa-9456-71d6c745030b,3,69.07577805376249,207.22733416128747,PayPal,Shipped
424,e09e7565-0252-4288-b254-a0bd9b3b1d7c,2023-05-28 04:37:37,4ca2263f-6258-4c29-b90c-1403d508ac76,1,58.04174491322385,58.04174491322385,PayPal,Pending
425,f641ccc2-0844-451f-8cae-3b38f17abce0,2022-09-01 02:50:59,d9054704-9d11-4b4e-8ea8-f86afe58200c,1,66.3542034145612,66.3542034145612,Credit Card,Shipped
426,7e13af72-77a3-4f67-8084-6fe6312b6b38,2022-09-14 23:00:45,1a4e2597-c100-4cfd-9fc2-85d8c0cff942,5,44.91959888047134,224.5979944023567,Credit Card,Delivered
427,c5bd5a93-7a0d-49da-90c8-4cccda84d15f,2023-05-17 05:26:13,1ecbec00-a241-4fad-aab9-9b867c7918e9,2,36.20988659822457,72.41977319644914,PayPal,Delivered
428,942b2c0d-47ac-474f-8457-01d0f5a9ca96,2023-06-11 17:48:47,dea9e250-a631-436b-98d7-6a84d80b503c,3,28.66955419076693,86.00866257230079,PayPal,Delivered
429,2576723f-f570-4ca4-a0af-4514d5a0aeaf,2023-04-30 17:31:39,a925dfa6-d868-4710-9b8f-41dcf72cbb28,4,83.86370122025613,335.45480488102453,Cash,Delivered
430,537e616d-d346-4598-aaa7-0a2a5cc9c069,2023-03-12 13:19:24,e62366ad-da34-4064-a53b-0dc994c07fb0,2,83.70600539697521,167.41201079395043,Credit Card,Delivered
431,a455cf42-b585-4b5f-b3d2-6a7c9b23b34f,2023-02-25 07:00:51,e6eeba2d-3943-4923-90d8-f0cae2677132,4,77.0488161606351,308.1952646425404,Cash,Shipped
432,6ae944cf-3aa3-4a80-93b1-25c9685f7cc3,2022-11-13 22:46:10,02b12b82-4c74-4948-81ca-1ada8a18a85c,3,48.60267055063605,145.80801165190815,PayPal,Pending
433,c151416b-3c6b-4ac8-8c1b-380fa6286ca6,2022-08-04 19:44:10,90ae9663-5a0e-4b1e-8066-a3b12bcc4ed6,3,54.78880185911832,164.36640557735495,Credit Card,Delivered
434,1665f2c3-a895-4b9c-8692-24c1a575f8ed,2023-06-23 19:36:13,8288725b-1626-43d3-812c-3325c8b23f7f,2,51.99429907268475,103.9885981453695,Credit Card,Delivered
435,335d9d30-9073-4329-908e-4c7b63fa2923,2023-02-04 11:47:02,7ed52de9-0241-47f4-88be-21af3048e0aa,5,20.100301313721094,100.50150656860546,Cash,Delivered
436,d77055e1-90e7-453a-9979-62dc1943ed6a,2022-11-09 11:55:30,21db9082-b8ca-49f7-adc4-46b08998546f,3,22.94870014605906,68.84610043817719,PayPal,Delivered
437,cd4a81e2-189c-4adf-bad8-6368fe620ffc,2023-04-18 04:42:20,585d2d67-71db-47a1-8658-6c7a4b21b77c,3,61.09222613826389,183.27667841479166,PayPal,Pending
438,405799cf-6fb1-44d9-bd80-cb2d0bc31608,2023-03-23 10:31:12,9478f1e7-e2c3-43c1-bdd7-10e5887e4577,2,72.73742273248884,145.47484546497768,PayPal,Delivered
439,db057c0a-5cfb-4555-b99a-6b754d087b24,2023-07-14 11:55:44,151d436f-a0ee-4a9d-88bf-22f57f3324b1,5,17.8681834743072,89.34091737153601,Credit Card,Shipped
440,aff41c31-1f89-4aa4-95a2-eda6155617e7,2022-07-30 08:42:42,5f2dd33c-89ad-4c99-9e16-a896be7b5262,2,12.479528121733708,24.959056243467415,Cash,Delivered
441,57b1d9ee-df8e-4823-b8c1-38d339619a5a,2022-12-14 01:25:57,db78d210-212b-4d56-97d1-372156d3163d,1,32.223802522521424,32.223802522521424,PayPal,Pending
442,68cad323-a9c7-41e1-8cf4-d911c7854654,2023-03-19 06:51:50,63f29a32-5de8-4e17-ba08-91254246d3c1,2,73.89198043915255,147.7839608783051,PayPal,Delivered
443,37001a18-9d1f-44d3-b488-44cf94d32d6c,2023-02-04 02:30:39,b42f726c-b344-4a26-8778-4c8dec6f93f4,2,60.19413105667473,120.38826211334946,PayPal,Delivered
444,90c43a02-eab4-442d-8c77-b9c68b13ead1,2022-09-19 19:10:36,4078906c-9623-4485-b301-e09cd8d33740,1,33.99359076611728,33.99359076611728,Credit Card,Pending
445,dc06d28e-ffcc-4896-b061-b2e15ec850e5,2022-09-11 01:24:32,c3dc1a4b-235e-44a0-a4cc-2092146962e4,5,22.31209580690883,111.56047903454414,PayPal,Pending
446,954ea3b7-5bde-46b3-ae9e-701cd80462da,2022-11-27 15:32:59,b4ceeaec-b942-493b-b3f8-18ff48d9ac91,3,28.18387109423491,84.55161328270472,Credit Card,Shipped
447,53b024f0-ccfe-414c-934c-dfd8c9dd985f,2023-07-14 11:39:44,807cda51-8775-4de1-b96f-35351ee76d0e,3,73.63094115329903,220.8928234598971,PayPal,Pending
448,a1424536-8052-4c9e-be7e-5cad765ec6ca,2022-12-28 20:15:33,a20be843-3ed7-4e33-a99f-ee149bd62ea6,2,26.6103658460231,53.2207316920462,Cash,Pending
449,93301d4f-13ce-4838-899f-254f4cb641f6,2023-01-02 16:11:11,a09f6713-40e7-43ea-9a84-a43f766e3796,2,88.47810310039188,176.95620620078375,PayPal,Pending
450,33233bec-7c06-47aa-8d4c-74312d77701d,2022-10-15 20:33:22,49b5d79d-22ec-47fd-85ed-c8fb426f81b2,2,30.175268784292058,60.350537568584116,Cash,Delivered
451,c336f700-e2f8-44ce-a19c-fa6d568813b5,2022-08-13 00:40:02,bbb9b4e4-e8df-4a23-aea9-7fef421cdeb5,1,83.25388815958823,83.25388815958823,Cash,Delivered
452,40e4d79f-c0fd-47e9-b420-1d91201f3de0,2023-06-08 04:05:54,4cf6ce34-54e3-43fc-aca0-5110ef4035bf,5,97.45400908594242,487.27004542971207,PayPal,Pending
453,b35fc1c1-70db-4f17-8001-664037b304ca,2023-03-14 01:37:21,effa8436-a84d-4a65-873a-4e3dac0ec567,2,47.78351375959213,95.56702751918426,PayPal,Pending
454,f3364303-992b-4bf9-a023-fafe1e05bb02,2023-03-19 23:21:00,67e55dd5-d8b2-408f-bc06-0b0646593fcc,4,32.18585168985307,128.74340675941227,Credit Card,Pending
455,a455cf42-b585-4b5f-b3d2-6a7c9b23b34f,2023-03-02 03:26:49,ae2d2beb-2901-4168-83ad-adf7c526b633,3,84.94688336164243,254.8406500849273,Credit Card,Shipped
456,a7b0afd7-5c2c-43c4-ab33-85772cda7c90,2023-07-06 19:11:04,6cf26d45-401c-4e23-98a8-5206648a0a12,1,10.717677411628571,10.717677411628571,Cash,Shipped
457,2319f404-d54f-4d86-ba48-937185ec5911,2022-12-06 20:54:05,49c32fcc-5123-480c-aeb6-3744c1fd3958,4,79.54051131966466,318.16204527865864,Cash,Pending
458,d1384af5-d412-4655-97b9-c671cd81c946,2023-06-03 17:30:21,9a10c331-60a2-4407-a70b-051f2911bf29,1,66.32567199335811,66.32567199335811,Cash,Delivered
459,954ea3b7-5bde-46b3-ae9e-701cd80462da,2022-10-29 15:40:11,27fdd89a-1513-4f6c-b85b-1fcb41fc4f04,4,89.49333267039805,357.9733306815922,Cash,Shipped
460,5b37a485-ac6d-4e2c-bdad-6e57861383fc,2023-05-27 18:12:07,def233fb-26c4-4841-b0ed-bdac48a4e8e8,4,95.47730826317327,381.9092330526931,PayPal,Pending
461,14ce9cb8-cb11-4843-bd79-eb50843a517f,2023-07-02 23:13:47,8edd71a8-6a76-41fe-9c8a-43371384f7ef,4,53.574488889125234,214.29795555650094,Cash,Pending
462,ba9bd457-16e3-4def-888b-502499022571,2023-06-25 20:56:33,163496bf-eeb8-40ba-8edb-983b63d37882,3,80.12668763209275,240.38006289627828,Cash,Delivered
463,6c451b57-3dba-4ee9-8cc1-9b237cd44e1d,2022-09-27 20:28:08,dba2b6fa-9644-4771-a51e-95bc7c3877b8,2,95.25069752100126,190.5013950420025,Credit Card,Shipped
464,83a312a7-9834-4abb-8ab0-2df05ac04820,2022-09-17 22:10:53,bba461b3-c17d-4490-8c1b-f68908a635f7,3,14.204194884147403,42.61258465244221,Credit Card,Pending
465,1228328c-b31d-4079-b872-86d91b118616,2022-08-05 16:04:56,346aafba-efc9-44cd-9563-31a1258de394,1,51.81746474985165,51.81746474985165,Credit Card,Pending
466,841a7a56-17b6-4e87-b236-17c59544342a,2022-08-24 19:12:30,a347153b-aa62-4f21-89a9-f68238ed89f9,2,44.01745084878441,88.03490169756881,Credit Card,Delivered
467,e09e7565-0252-4288-b254-a0bd9b3b1d7c,2022-12-24 10:49:27,30cfa52e-d8f3-4a36-8a9b-bd9e3dafee5f,5,64.26925396540129,321.34626982700644,Cash,Pending
468,d1db541f-6573-4202-b4e6-621785911d29,2023-01-06 04:17:15,cf9e3047-bfe5-43b2-b91d-e8593dcaf0da,1,69.3343252817204,69.3343252817204,PayPal,Pending
469,f641ccc2-0844-451f-8cae-3b38f17abce0,2023-02-14 14:40:23,1e132615-d8b1-46bd-ac72-f8ad016d0a2a,3,84.8303854423339,254.4911563270017,Cash,Delivered
470,be76cad7-1e86-4d37-970e-11353b2cf9e6,2022-12-26 16:53:51,4c82ea09-d805-47a5-a344-d046d5488a0b,4,18.283380561690088,73.13352224676035,Cash,Pending
471,899eb3ff-58a2-4aa6-8469-072a6fc1b281,2023-05-18 21:19:30,387c17e7-6c2a-455f-8767-f54f5e4a5a1d,1,10.047666789948535,10.047666789948535,Cash,Delivered
472,12878401-2e29-4d23-bb3e-afccc3eb108f,2022-12-10 23:09:51,00214c05-1ab9-4714-a7da-ec8a52ad050b,4,20.959252447512796,83.83700979005118,PayPal,Pending
473,87c7a222-e48e-4f58-b42f-020e1bcc2a26,2023-07-16 06:51:47,6e2b3ed1-bafe-40cb-acbc-9df040824ac3,4,90.35018287270518,361.4007314908207,PayPal,Pending
474,0e76445b-ba17-4d98-a552-c6fcd1b87830,2023-05-29 02:03:30,2d34d063-5ab5-4bfd-b030-916dc33932f9,3,92.2182415817322,276.65472474519663,Credit Card,Pending
475,671116c9-66e2-40a6-9ca0-593b524025ba,2023-01-10 23:32:37,f74eabd1-80f5-43f6-8ad6-4b3726b6faf2,4,84.82312389130782,339.29249556523126,Cash,Pending
476,e09e7565-0252-4288-b254-a0bd9b3b1d7c,2022-08-17 19:13:17,5e0e00b3-664d-49c8-8813-b297af467c8f,3,87.96824027138419,263.9047208141526,PayPal,Delivered
477,93d1b5aa-1cbd-4b8a-9bb5-8ac88e4de555,2022-10-15 02:25:56,b590ea79-aa32-41a4-8148-e221f0da2082,5,26.943303775884544,134.71651887942272,PayPal,Pending
478,0fc3ce41-46e2-49ad-bc72-ae017be1633b,2023-02-10 11:07:11,9ca17273-4325-479b-ba8f-fbc97c221640,2,15.207821301976868,30.415642603953735,PayPal,Shipped
479,279dff20-e252-414d-9a54-e41244433396,2022-10-21 04:00:06,07ebf268-51b9-45fc-aa4a-81918b007a98,5,15.22073696783729,76.10368483918646,PayPal,Delivered
480,87c7a222-e48e-4f58-b42f-020e1bcc2a26,2022-08-25 05:01:49,bb8721cb-0716-45b8-be67-c8bd6e2f3c84,4,73.66168571933773,294.6467428773509,Cash,Pending
481,cdded0ee-b676-4fea-993b-90aa9e93678d,2023-03-22 21:15:47,d5189b66-416b-471a-86dc-bd19c203614f,1,99.50165571000795,99.50165571000795,Cash,Pending
482,5b37a485-ac6d-4e2c-bdad-6e57861383fc,2023-04-09 15:43:51,9f6f61fa-27c0-416d-97bf-ec1f7d4cd37c,4,17.2067221322054,68.8268885288216,Credit Card,Pending
483,cfbdd92a-010c-4505-8db0-cfa20a436ee9,2022-08-16 02:49:41,3b3be1e4-eb1f-4341-a6e6-98ffb0162927,2,32.077386300787495,64.15477260157499,Credit Card,Delivered
484,dc06d28e-ffcc-4896-b061-b2e15ec850e5,2022-12-23 20:21:25,795c698e-0a18-4749-862b-6ff1c5b51e43,4,66.84581653550805,267.3832661420322,PayPal,Shipped
485,14ce9cb8-cb11-4843-bd79-eb50843a517f,2023-05-15 04:19:00,b1bd863e-4cdf-4579-81d9-175c9d60f24d,4,73.75605422336656,295.02421689346625,Cash,Delivered
486,f5865f1b-fd8a-47f9-905e-c05f086f8209,2022-10-18 23:18:58,60c9d72d-4018-4dc1-bfc5-95b397ed86ea,2,21.72451930091352,43.44903860182704,Cash,Pending
487,9f1a5d2e-b744-4a01-905d-2a6fd17f6c7a,2023-03-03 02:53:54,2e36102a-e3b0-4fd1-8c4b-4b6aee5ee0da,3,36.92048083532088,110.76144250596263,Cash,Pending
488,6d0dc9da-be53-48ba-958c-5c831ef5a702,2022-11-15 09:17:39,188f3522-bb9f-49ff-8619-f6b09590d610,5,36.42014126584006,182.1007063292003,Credit Card,Pending
489,b35fc1c1-70db-4f17-8001-664037b304ca,2023-04-07 02:16:28,32e1bc26-c7f0-4f4a-bb0d-3d3a439f1798,4,18.6877093884591,74.7508375538364,PayPal,Pending
490,f4b9249c-5034-4902-9386-fa4b03ba3936,2023-01-13 10:43:05,afe165d1-f1d4-40c2-baa8-85db3cc610c8,4,14.475705339169751,57.902821356679006,Cash,Delivered
491,da0de146-1371-406e-8d86-0ab1afb81837,2022-10-22 20:59:00,aa935052-e95b-4dd9-810e-f13b25d8186a,3,13.105910040578962,39.317730121736886,PayPal,Delivered
492,33233bec-7c06-47aa-8d4c-74312d77701d,2023-02-13 03:57:19,7adc3d58-89d7-4247-b5a5-b9a3737e5f97,4,51.4487729053175,205.79509162127,Cash,Pending
493,90c43a02-eab4-442d-8c77-b9c68b13ead1,2022-08-24 03:56:54,e9e48574-c992-4643-a7d7-12a0f45428df,3,90.27078734955596,270.81236204866786,PayPal,Delivered
494,be76cad7-1e86-4d37-970e-11353b2cf9e6,2023-01-13 22:39:43,a8ea7d0f-f293-4cee-935b-99e977ecac06,2,89.6621581259959,179.3243162519918,PayPal,Shipped
495,73ef513c-6454-4e4b-8573-05f089d79d3a,2023-01-19 23:11:05,08a44d81-a5b6-42c2-acc3-a9c58347e8e5,5,91.89052461336806,459.45262306684026,Credit Card,Shipped
496,954ea3b7-5bde-46b3-ae9e-701cd80462da,2023-04-29 15:30:04,01695f4a-1713-4b62-a726-cf5692a8beed,5,93.20622508624962,466.0311254312481,Cash,Shipped
497,c2f4ef5d-f1e7-479c-9c51-b68b21dece27,2022-09-11 08:10:50,46372ed5-16dd-45aa-adb0-d4c757821dd4,1,77.53073730371572,77.53073730371572,Credit Card,Pending
498,841a7a56-17b6-4e87-b236-17c59544342a,2022-10-05 23:22:13,cfc919dc-c17b-4e44-a760-dd6434eb7fc1,1,37.07951028389848,37.07951028389848,Credit Card,Pending
499,7c16247f-c8bd-4542-852b-4da47b2623cc,2022-12-16 15:53:45,55c8cd44-bf6f-4e2e-93ab-eede5a2bc64c,5,62.66537028279752,313.3268514139876,Credit Card,Pending
500,d1db541f-6573-4202-b4e6-621785911d29,2023-02-05 15:13:28,8a38255f-f324-4cbe-95b6-35329c3afc3b,3,15.766047734988337,47.298143204965015,PayPal,Pending
