Date,Page,Visitors,Time Spent (seconds),Bounce Rate (%),Conversion Rate (%)
2022-07-28 14:36:03,/home,103,94.51808128196501,53.696418533731446,0.18399627928793144
2022-11-23 08:38:05,/about,535,66.72641514168001,65.06081231393644,0.11186902190237699
2023-07-14 10:53:54,/products,440,93.70998881142754,74.34427348374791,0.09112331548265144
2022-09-13 01:31:23,/contact,145,36.01427913919976,74.27017567844197,0.05771563764694696
2023-03-18 19:59:36,/blog,758,24.173580950912864,60.5268128072525,0.1731788541103099
2023-07-11 15:22:34,/blog,313,171.42179986399012,54.356365161282525,0.11426328157402353
2022-12-03 14:32:47,/blog,990,100.84124317793241,46.542159721639926,0.1643501634542453
2023-05-27 07:58:15,/contact,101,121.84333713492339,58.23775696750125,0.03508095282563132
2023-04-25 01:23:01,/products,990,171.06057467451728,61.74303386891857,0.14986725221397465
2023-06-17 20:32:06,/blog,876,22.918692685491955,78.00700051759716,0.09377135663681171
2023-07-20 00:15:22,/blog,695,168.12238093281445,63.19986553524338,0.18436196024361529
2023-01-28 17:51:59,/about,974,126.23527439530878,43.047631902205694,0.06130780174766701
2022-10-15 18:11:10,/contact,613,55.670175097740994,50.30142235560533,0.06789085602324875
2022-11-22 20:23:14,/contact,305,164.9727465243569,60.55710804023664,0.1924826014688722
2022-08-06 07:53:27,/products,109,94.65349038817767,67.34725591951775,0.12280128396626763
2023-01-31 21:04:02,/contact,835,109.30056966106514,54.68124658725549,0.12981783027647806
2022-10-10 07:15:39,/products,320,50.96345558985355,45.33336053216708,0.1257932561957155
2023-02-10 02:00:52,/home,933,136.3366567219647,33.25632933035187,0.08114483415838455
2022-12-19 04:03:37,/home,978,43.30881787006719,45.047756874776994,0.10288521305870844
2023-05-11 04:16:02,/products,914,158.6874024322606,30.693852606385086,0.023785153151713236
2023-07-07 06:23:15,/products,871,176.88501179495242,58.17596509630228,0.18883858957467045
2022-11-09 09:40:14,/about,358,107.63891139485904,61.17715254988232,0.13421376705216567
2023-05-02 22:18:17,/home,903,63.548469765124956,55.599339043581935,0.1534864886005683
2022-10-18 01:21:30,/blog,772,28.110088997140647,34.571969961585154,0.11810761573927367
2022-09-29 13:24:01,/home,418,170.37319715092178,61.54807131705542,0.17346654701999564
2022-12-27 09:45:04,/about,402,165.31314508305644,55.32460911394363,0.12235996861194127
2023-07-05 02:35:46,/about,197,91.38885780372095,31.09886321835575,0.09306922420848436
2022-10-03 13:07:19,/about,587,54.49612062484895,69.3213618523063,0.05538495060167663
2023-05-05 20:21:32,/blog,524,174.71531877269734,43.532920217593144,0.15917687479218845
2022-11-24 08:51:44,/products,683,151.47702890531792,46.81079057685318,0.142609314897521
2022-10-17 17:23:01,/contact,885,109.76281045840436,58.139757724347646,0.048712751711768795
2022-09-18 15:27:03,/products,519,40.995811827858134,75.6558319319987,0.054689324679235964
2023-04-28 20:33:01,/contact,644,155.57640512897717,48.897943325356316,0.17025448728924286
2023-06-10 15:34:15,/contact,616,89.25010104577686,51.7743647819744,0.10309686523888444
2023-02-09 02:39:09,/contact,107,161.27571851671863,55.41428416471584,0.10232327709695628
2023-05-15 17:14:47,/contact,553,91.91469519045381,63.76681789503563,0.10166637434281255
2023-06-23 18:25:36,/home,836,21.97929312903868,34.256599296477084,0.18735692034102594
2022-08-16 15:09:49,/products,420,154.0805232893407,57.35891045702887,0.08028951576918049
2022-09-27 04:22:57,/contact,823,142.38513255078516,77.1121722455387,0.15539190713936693
2023-02-14 05:13:46,/home,214,166.56970593735235,55.018992769451614,0.15723631689061784
2023-01-12 11:08:54,/contact,791,59.250651221114744,65.07353119894418,0.09587708142149706
2022-10-26 15:36:15,/about,801,145.35830925317276,48.0476122832503,0.0836476277207489
2022-12-18 07:05:53,/blog,799,176.1314567818246,50.717095484666956,0.15069050653138022
2023-07-17 06:47:53,/contact,932,73.65410825735574,59.56828746663238,0.17934708700265958
2022-11-10 10:13:54,/contact,408,157.23751350741614,68.94367969035173,0.1641500247816828
2023-03-10 01:10:54,/products,260,135.05946337264294,67.49409378167412,0.17924138736013476
2022-09-16 00:02:18,/about,887,164.87132922640237,59.09995235900396,0.08546707014469306
2023-06-14 21:27:20,/contact,398,109.83532996414104,45.2611066068449,0.19627851931328158
2022-08-04 01:16:15,/home,708,31.745756242158922,67.12538377220068,0.030216735529933147
2023-02-28 05:20:30,/about,935,28.5294249137483,54.28478630765839,0.19187569389175138
2022-11-14 18:49:02,/about,553,62.195365792828824,31.508506177007167,0.13381930083961788
2023-05-20 10:48:10,/contact,886,50.88102926741477,39.041739032282884,0.12776983286187746
2023-01-20 01:42:08,/blog,579,37.76778977985539,40.58927682158113,0.01007732150968956
2023-04-19 10:05:50,/blog,635,51.57393031969112,31.339611128043,0.19182990419713947
2023-03-16 23:27:15,/products,473,79.72724695788624,41.76192824432727,0.17326647882002932
2023-03-04 06:49:12,/contact,621,179.14440286904113,75.12902375543902,0.1869035307411519
2023-07-04 00:58:54,/home,566,176.08972421135485,59.194063702088926,0.016649645256046963
2022-09-19 08:17:06,/about,202,110.88941488269045,44.19255543954002,0.026798003153960394
2022-12-16 09:51:47,/about,705,172.51505610341962,76.67030381755933,0.07522316297267297
2022-10-12 15:31:16,/home,182,172.9112306148274,60.136454688138855,0.07011832988961153
2023-02-25 07:53:09,/contact,107,175.30024818359578,40.79503135833549,0.10399449674575481
2022-10-12 13:25:17,/blog,515,148.91492374419707,52.72911075567202,0.08628509189469014
2023-07-07 10:43:04,/blog,787,118.43421912258039,72.37069789666222,0.036779933694454696
2023-06-26 08:02:10,/home,701,25.61131406519613,64.20997471446206,0.16206671789851174
2022-12-10 16:47:52,/about,829,84.43787340661069,78.56084935234924,0.022021347536556646
2023-01-01 14:33:59,/about,720,125.0303084682567,61.01438811881759,0.03469245462929656
2023-03-16 10:20:42,/home,908,37.6653050947376,51.87174080191848,0.12770051846344893
2022-10-17 19:57:13,/products,908,10.089706257616651,63.974793615253255,0.13126130269386793
2023-03-16 10:45:04,/home,735,56.94476998498475,60.932730591850564,0.08015059502316459
2022-11-11 16:39:06,/products,336,24.955497577666176,61.91344102476693,0.13703974416158968
2022-08-31 10:01:38,/contact,832,174.49651317399204,55.084364103705866,0.06378301658284045
2023-06-20 19:34:36,/home,900,173.62526642362505,60.12041843776319,0.18194194684761583
2023-04-04 01:41:23,/about,847,152.72597297513732,76.68869926900956,0.18223413439606997
2023-02-24 07:23:34,/blog,425,53.32299373205728,54.95594713197597,0.04750638345490633
2022-11-02 17:37:22,/products,295,105.68639381354885,71.12645711739589,0.053844216379537506
2023-02-07 03:17:52,/products,195,173.39850943754595,56.63161166164961,0.09099616176450116
2023-03-16 08:19:31,/blog,358,150.97040964897832,50.565182756794755,0.08294368471598354
2022-11-01 12:30:07,/home,540,35.922347597650344,60.72295413642999,0.16464549836559603
2023-01-08 01:01:17,/contact,269,108.58105986536788,41.515629115192226,0.04496064692048172
2023-03-22 17:35:26,/home,435,32.53350220105449,77.7156164824371,0.11129629240059044
2022-09-25 08:11:04,/home,802,63.69626457774058,61.04949061163187,0.14411736310810344
2023-05-28 00:52:33,/products,451,152.83890718306432,58.93602386239695,0.04473757469183184
2023-01-31 09:15:25,/products,295,169.83649681855508,73.38595103770209,0.1235460031299045
2023-03-12 12:17:59,/blog,982,107.19222188395949,77.64336433063306,0.1624891472691608
2022-12-11 18:37:27,/products,979,126.63152745159285,67.71882250803515,0.07392125626027511
2023-02-23 17:18:17,/contact,531,36.91786336222087,51.10797805187186,0.021269439327177096
2023-03-19 18:53:51,/blog,500,158.08310037061534,79.89042451451238,0.14108461687794996
2022-09-26 12:42:50,/products,515,16.49254548895204,30.77833039662083,0.05134041229664662
2022-08-16 18:59:51,/blog,491,95.4196598432497,70.17225111359942,0.06766474116384923
2023-06-12 06:05:42,/blog,973,77.31459885683657,35.59313299007186,0.1965672511795198
2023-05-02 09:31:29,/contact,749,150.41419684496154,48.60587230356195,0.17126492196037207
2022-10-24 10:07:05,/home,675,15.431806993589474,33.60838569369972,0.17538033868210717
2022-10-30 09:44:05,/home,578,127.26727981489563,36.947938964524724,0.1206210023272208
2023-03-16 21:01:23,/blog,322,103.97235241639382,30.813812444991065,0.07548746833731369
2022-10-30 00:46:05,/about,510,119.20329036789819,39.37178425137948,0.1268112734593329
2022-11-29 01:50:26,/contact,798,95.4225277440595,33.64159417616563,0.06222681113946608
2022-09-02 21:08:53,/contact,242,144.60738556971927,65.92893746257721,0.04054121124041647
2022-11-28 12:00:43,/about,143,174.72781392089388,62.07362895583738,0.15105464140567498
2023-01-02 09:45:14,/products,551,66.32748860390556,50.10810173837288,0.13600752960925247
2023-05-28 23:01:54,/contact,363,153.74905363158982,54.48058155156288,0.09737289433388881
2023-03-10 13:16:13,/about,431,137.95334362325283,31.42507667545097,0.15693836724476615
2022-09-04 06:45:46,/about,907,110.73573625785514,50.108469390214225,0.17858445058462094
2022-09-22 08:34:31,/home,594,35.48942996124454,52.65244740255244,0.19711502585524
2022-09-15 18:00:05,/home,488,172.2616263813757,79.38965807454858,0.16483615096527096
2023-05-16 23:46:52,/about,994,91.41723462623213,60.52140164313866,0.18273166818441286
2023-04-19 18:44:18,/home,294,166.2812009795279,72.34315839048747,0.08551497578845517
2023-03-05 02:55:14,/contact,553,96.87254567369683,41.632389362043185,0.06663526894218777
2022-09-25 22:48:35,/home,895,121.97413585929706,66.76773175404792,0.04978806377174366
2022-12-03 14:11:53,/about,986,111.51216297920426,76.10472198861102,0.19723988994504538
2023-02-08 10:11:11,/home,628,91.5793928378387,56.925923527459055,0.08636424367358961
2023-03-04 23:30:25,/about,544,136.64607720193658,36.782191013138956,0.18066632933788965
2023-04-13 04:38:00,/about,215,169.37374939687717,58.769114863260235,0.03862950459336727
2022-12-12 13:23:01,/contact,431,97.27859124969858,45.36901637364417,0.19702809070207158
2022-08-31 03:20:59,/blog,321,134.80607768187858,31.482688006648264,0.12482190223285429
2022-09-22 04:30:12,/contact,615,26.529761522439756,36.86594997709113,0.12169799699427815
2022-09-17 13:04:47,/contact,512,157.07608457978282,45.72387822079877,0.11755417641165704
2023-07-24 15:41:44,/about,306,121.13654432858941,56.78195166921611,0.05728296065836422
2022-09-06 04:07:51,/blog,196,66.80677489982399,57.137918155740195,0.17007362848408178
2023-04-23 03:01:37,/products,160,147.4590948865584,60.311482505354064,0.12150652056333902
2023-02-21 14:39:49,/blog,350,121.74425016498844,58.222263659958884,0.17629598011487477
2023-04-04 11:06:30,/products,975,148.58703596030736,72.58484984001328,0.06628762410802057
2022-12-31 12:14:27,/blog,801,92.44629619909398,31.804082491198542,0.169529002547266
2022-12-28 04:02:19,/contact,398,79.52262442949741,45.48959223657471,0.10046005725179917
2022-10-15 00:32:39,/about,667,74.0457031170994,64.01969004043158,0.19581770578046265
2022-12-06 04:20:35,/contact,331,58.34723617462245,41.66707757662967,0.04343107181182328
2022-08-24 04:47:09,/contact,129,18.276332899175394,61.149042731834314,0.04128612791266543
2023-03-20 14:48:39,/about,299,67.97822718141407,67.09092843715442,0.19596272973706644
2023-06-20 19:46:17,/blog,668,83.32684691145765,48.3054742998321,0.07211582738326733
2023-05-13 12:23:34,/home,282,37.97873140956193,51.048073490045184,0.051775971178542476
2023-05-06 22:24:19,/about,735,61.45298937630545,76.58349316563753,0.0708658671871379
2023-07-13 08:31:35,/blog,299,86.13704982759685,58.194854030089346,0.1284084349037913
2022-08-23 18:25:39,/about,270,29.90622523144897,62.654635700584365,0.14764251771385878
2022-10-04 01:28:17,/contact,369,81.88977952365167,33.955124233650196,0.029554427683445017
2022-12-10 13:36:03,/about,538,120.10890285249282,33.26795550061728,0.03279078722908878
2022-08-18 09:10:15,/blog,220,139.91179862270664,51.49735805878791,0.0728466953564499
2022-10-26 23:00:53,/contact,628,74.23318657666252,78.7323329271234,0.12167323640767275
2023-01-08 02:46:10,/home,830,18.835542171011454,75.5323031815964,0.05485058521601898
2022-08-01 11:24:19,/about,814,115.85738503849824,56.41638219030562,0.02473661032257512
2022-12-06 14:32:13,/home,796,86.66605779396711,58.009277790229916,0.131624493011519
2023-01-16 21:15:04,/home,937,94.92188379489997,66.20824268305749,0.09324059212970316
2023-03-11 21:51:22,/products,532,136.0404857679128,64.4388291567328,0.17701710404224044
2023-06-05 01:56:25,/home,208,176.0548226309153,31.64717469512874,0.11392241870513348
2022-10-24 20:01:28,/home,141,104.94828543694949,53.05359470568146,0.1648176548395961
2022-11-09 14:35:07,/contact,989,134.19588909747816,78.91162307200338,0.1891955530105114
2023-03-01 09:00:22,/products,725,103.93689739114875,33.35087316226848,0.024221817846714337
2023-05-26 07:55:48,/products,135,92.51101900598204,79.07142617655961,0.051249175006178906
2023-04-06 21:33:19,/home,434,68.75214018448855,79.50021683045777,0.1295467805313563
2022-11-04 03:23:14,/products,544,124.25250921427923,38.052381572048525,0.06241910985741032
2023-02-14 09:05:27,/about,800,42.58122682198486,52.008352085981244,0.1635943975398209
2023-05-03 16:25:59,/blog,338,74.03844728427242,54.40736947026269,0.12290761315676821
2023-02-08 08:02:30,/about,332,10.237383825777952,64.46807110069852,0.06419992899920558
2023-06-25 00:38:17,/blog,418,174.23404963083448,69.38452485003538,0.1625528094209951
2023-06-04 05:46:18,/products,139,44.125279422963736,55.002641199407265,0.07907870549520647
2022-11-05 16:17:14,/home,262,65.30702143727441,49.37252447750328,0.08883041742935037
2023-04-20 05:56:37,/about,303,173.46873045594347,75.45561852769718,0.19217992538909484
2022-11-26 10:20:10,/about,598,72.94144135077923,35.80342700374783,0.03326660188616501
2022-12-31 05:33:02,/products,125,78.08742410538791,49.4337218551087,0.058025453503452895
2023-05-22 16:09:15,/contact,758,171.84290750119865,49.86107697407536,0.057204341546780196
2022-07-29 12:06:15,/products,350,162.51347348851613,34.15606730866747,0.1521020865536524
2022-11-29 19:50:08,/products,271,106.81996470656392,69.99276949653574,0.12626097635033381
2022-08-15 16:46:48,/about,406,162.9353677105779,34.37005409455823,0.17630477365989056
2022-08-13 06:11:07,/blog,253,110.80056748407883,47.29244197380455,0.16286820103443136
2022-12-18 08:54:46,/blog,890,164.09336314344648,30.8391575863393,0.10920966132589238
2022-11-18 03:10:31,/about,386,92.82968527786477,35.85429718337496,0.10938693946580451
2023-01-15 03:34:56,/blog,911,38.51880106229926,51.63564244155175,0.19896937807586657
2022-12-25 16:05:38,/contact,990,136.4920080610105,71.11568846724913,0.1039302190386481
2023-04-08 01:00:34,/contact,840,63.12584709364023,68.26445393922221,0.14526099543854082
2023-04-07 03:29:28,/home,885,74.87840507644852,37.87362040730522,0.16535884363891384
2023-02-23 05:30:53,/about,783,96.7298267420872,61.96457845770465,0.07981352855556523
2023-01-08 22:04:46,/home,827,96.42786158858296,36.30538791220967,0.079456955733206
2022-09-02 03:02:48,/about,245,159.42006943806288,62.178565331704945,0.09967867590872727
2022-08-22 01:57:26,/home,469,95.5722073930974,60.75142319087665,0.06501314478193188
2023-02-22 11:22:29,/home,336,37.91238524441241,76.56782127225236,0.053885826484990566
2023-03-26 14:51:03,/products,885,173.0763159534788,37.95018202236454,0.18441971488749362
2023-06-15 13:12:44,/about,363,38.06926737009512,31.53731264883425,0.18731322097904984
2022-10-13 11:40:00,/products,547,12.08715144456276,60.877928368129375,0.15238751424198452
2022-10-24 08:25:09,/contact,434,87.71876060645889,49.38096890888977,0.1663791655034441
2023-06-29 15:02:54,/blog,854,137.19919086521367,30.69766428246708,0.10472305295135854
2023-02-23 04:49:37,/blog,533,150.48154239954454,48.93805294611538,0.10681854371060168
2022-12-12 08:21:25,/contact,257,116.35028991666296,32.27791022198796,0.14767272028736989
2023-04-28 07:15:39,/home,901,98.12785475975717,32.46833829856462,0.06406192168886354
2022-11-19 17:33:57,/about,631,14.17918134671125,37.63498979254006,0.12119189908671654
2023-04-01 13:00:30,/blog,869,173.11913784032856,63.35560052047241,0.11678398928578589
2022-09-13 07:33:35,/contact,278,97.31266729372308,69.31806391742259,0.17282346736792129
2022-09-12 13:05:24,/blog,906,173.30349098742343,30.119121683477978,0.10819436505760624
2022-09-17 04:18:43,/contact,798,171.97680230307685,34.245715610503474,0.09919853432649081
2022-09-22 19:34:16,/blog,501,37.64205817867135,35.108181833523645,0.027452231302074
2023-03-28 18:51:31,/contact,122,120.29479367705616,34.319267200964255,0.031635639512157566
2023-01-09 13:41:48,/contact,616,154.52559532134165,53.769893091329266,0.06577453680344672
2023-01-09 14:49:27,/home,139,16.676457285247892,52.793873992808074,0.12802594939145392
2023-04-07 07:09:39,/about,126,79.13937099637548,31.986962397278653,0.01714918669304495
2023-01-28 08:25:41,/products,938,12.825969114517424,56.83609307130713,0.16454072532357908
2023-06-26 07:41:10,/contact,806,24.506404306860667,35.1092119910575,0.11026096978420763
2022-11-28 04:01:33,/blog,458,67.40164744707766,42.44533386795509,0.06622114228575778
2022-09-11 16:57:04,/contact,927,87.03418251054465,41.09893477119974,0.10780394254286839
2023-05-11 17:37:37,/home,773,154.61289774489424,39.9141483683229,0.15563025495552638
2022-11-26 18:38:44,/blog,332,84.48208846804148,38.09608712760613,0.17224175221580346
2023-04-07 21:20:02,/blog,191,45.62278082877502,46.522287859368475,0.01924579377265761
2023-01-06 17:35:21,/contact,684,155.21352533000808,67.25149838008359,0.11466508703289449
2023-07-11 00:28:45,/contact,463,25.809516720657736,67.50669302580198,0.0157871883935176
2023-06-21 00:49:46,/about,199,83.25728992929534,70.06979150968442,0.019820790485044502
2023-06-09 18:06:43,/products,193,37.74252828842174,75.45028039437742,0.19079487968003722
2023-01-08 22:04:14,/home,568,85.21933570227426,51.53244551792166,0.04130617408115464
2022-11-13 15:46:34,/home,945,153.4457245202484,72.64673241407505,0.16327723714924086
2022-07-31 12:14:07,/blog,715,34.892214427781546,64.79926540390147,0.17863464590630182
2022-08-13 22:45:23,/home,258,126.6913636785622,37.66846731940199,0.15300158208686213
2023-03-13 02:13:22,/about,568,166.180521026523,76.31245278374463,0.030930622356691827
2023-04-26 15:19:39,/about,161,10.127778455381565,66.00951335880991,0.020119990967605608
2023-07-21 11:02:23,/products,949,85.92793280452432,40.58352682271241,0.15278277597898995
2022-09-25 11:18:48,/home,822,10.934524637577375,54.73516619556945,0.1640137333016341
2023-06-18 18:19:29,/blog,692,110.87993858035165,44.95782290092645,0.13235902007947528
2023-07-16 04:43:11,/home,393,88.69903247205166,51.90029514721816,0.09507543193316241
2023-07-10 21:53:32,/contact,798,68.11209754935072,37.60465922950671,0.08546458787600095
2022-12-17 02:07:48,/products,214,152.45380421135036,51.84418673600498,0.05986633341300428
2022-08-02 09:39:29,/about,672,161.06714898967434,30.11942908295481,0.016873796925019044
2023-03-11 23:32:20,/products,929,81.2279167274205,37.55093523071286,0.036864856824170185
2022-12-28 06:51:42,/blog,959,171.79130597803797,71.22196028919578,0.058969195519917986
2023-03-19 09:44:36,/home,507,66.09345490661474,50.99552181046071,0.09026851359594194
2023-06-07 22:14:38,/blog,524,31.675831418275102,44.85438987692179,0.07963995728850429
2023-02-13 11:27:49,/about,563,117.03220571180648,35.62131523702637,0.021347690201534222
2023-03-31 22:42:51,/blog,781,95.76186301460714,50.308395003445334,0.1972870100572753
2022-10-14 16:11:00,/blog,508,56.477687578703446,73.76469318479903,0.14298665957778084
2023-04-25 00:56:52,/home,222,16.156428852002303,67.24014655613837,0.16526777619823216
2022-11-19 10:54:07,/about,312,72.61387479891305,55.63679466808247,0.018693316610729628
2023-06-16 09:50:12,/about,866,61.053576378926174,59.2103506570041,0.13227468097611056
2022-11-27 01:20:14,/home,458,160.68971380698682,30.805946168317117,0.11165656213839886
2022-08-17 17:03:46,/products,388,151.31700231968662,46.84441827024053,0.03552793432099359
2022-08-24 18:53:53,/home,185,89.30510782809594,47.78445411089144,0.08655135937444668
2023-02-05 21:08:23,/blog,375,42.72632777956712,41.54962678148531,0.13768337263521432
2022-12-19 21:16:27,/about,322,78.1382541773286,76.3920551410209,0.010708178518083094
2022-10-06 14:19:52,/blog,658,149.65123051872564,65.92604263853113,0.04470358862513293
2022-12-11 16:16:39,/blog,648,171.87671938759928,52.80190105692908,0.04260067520826351
2023-04-28 10:37:09,/products,459,32.41291861257359,49.78883025604388,0.014403691607992437
2022-11-23 00:26:04,/home,258,102.02747248058246,75.1525510106377,0.145046676273952
2023-07-06 04:36:36,/contact,921,46.77998256768571,54.71155611114163,0.010926992106676813
2023-01-08 15:02:05,/about,482,86.26015337663071,33.258442378895396,0.13777100237717657
2022-12-10 18:42:36,/about,867,146.9835783377381,74.47202310691432,0.1453165386657157
2022-08-03 12:42:09,/products,390,116.26959917701832,34.34563787462812,0.11189664063626185
2022-12-10 09:25:52,/products,201,46.64659402809471,55.403847641990886,0.16510638312818826
2023-07-11 11:30:47,/products,568,39.728429614058655,75.47881328869053,0.11719895678751369
2023-04-24 21:30:55,/contact,497,29.07838589946604,45.40760617542266,0.022700567962911873
2022-10-06 06:51:23,/blog,102,99.22156885898457,36.048713207946946,0.06523638843378432
2022-10-17 11:36:21,/products,432,137.57735580720305,45.84850021846802,0.1791607291721048
2022-11-13 03:58:08,/products,888,129.62794850213567,45.59228199208817,0.13405349724511012
2022-10-28 06:08:13,/contact,561,121.99128084230074,50.01519032120735,0.1318976099052313
2023-07-07 04:25:10,/blog,614,31.68549655425051,72.86959080968026,0.19434073754504894
2023-06-30 12:01:43,/contact,292,80.45235624854051,58.24598920527185,0.08470761986581357
2022-09-27 03:52:28,/blog,463,174.6493869621861,41.762717204529956,0.09933952154916366
2023-01-01 17:38:21,/products,615,124.06033108192692,50.7301396615374,0.05894680155986279
2023-01-08 06:24:46,/about,521,150.13023359559395,36.192488383295675,0.06350860699094751
2023-04-03 00:32:26,/contact,324,143.78879067716574,41.370021852747584,0.09250331637061396
2022-09-09 13:38:59,/blog,878,164.57498507040572,65.7586969968066,0.08641708026702814
2023-04-05 13:59:24,/about,123,93.2229921126874,48.506717882633836,0.16184598229716057
2022-09-01 02:56:51,/products,291,47.21060725296006,32.83124278067691,0.1378373740174205
2022-12-01 10:35:04,/blog,341,168.3937679752802,67.73002027815343,0.06968966682117016
2022-10-14 13:18:59,/blog,528,62.3499703745942,74.46610949723372,0.10862459244997272
2023-03-26 09:48:59,/contact,537,129.30475716025637,35.41023245599115,0.1644663686821126
2022-11-19 18:01:25,/home,862,150.8913719386201,41.180905893036176,0.18438751268112558
2023-05-08 16:17:45,/home,267,137.82165356917068,64.54930545512224,0.18007199809028243
2022-10-12 05:48:34,/about,718,175.32516566965666,64.0570991735074,0.10293637598011583
2023-03-03 04:27:16,/blog,924,157.6202653972779,60.525230853377664,0.11518271948276601
2022-07-31 14:32:18,/about,574,123.98729105464557,64.41398378743361,0.10697533853195877
2023-05-14 03:44:09,/about,945,45.920565051332325,74.89448913229256,0.017044294141097954
2023-06-01 22:52:49,/home,254,135.00895660084882,62.29412454817805,0.0703444251895043
2023-07-13 22:59:04,/products,718,10.446868798424202,44.350573306273105,0.16401521484536172
2023-01-17 15:31:48,/contact,577,43.997508529593716,70.21516017004541,0.1427129478434834
2023-07-28 08:48:53,/products,368,114.17442814634332,42.66887269577328,0.02122521625232377
2022-12-08 23:34:28,/about,222,37.23757361673836,48.17746623379837,0.19056319847453906
2023-05-26 02:15:47,/home,711,62.71014734511153,31.30166802712418,0.11149781800297402
2022-10-23 11:38:04,/blog,823,178.52437704982538,33.73954583070793,0.08820684384712937
2023-03-10 05:30:53,/contact,699,36.312339768504806,74.68400306938304,0.05694259546864189
2023-02-26 23:30:24,/blog,834,146.6054473874412,78.85649040071642,0.01720144201747042
2023-03-04 12:17:06,/products,236,86.08360365003988,48.59765697372672,0.15193340943935232
2023-07-11 19:21:25,/blog,393,38.09551690497307,40.280581996701045,0.022506840290672375
2022-12-31 12:42:44,/home,252,173.9881894611869,67.5645623263666,0.08215539794788287
2023-05-30 20:42:01,/about,523,80.05155709209048,75.73856703288455,0.1887556128580042
2023-03-16 10:35:36,/blog,278,10.104483970077041,46.348993552559705,0.1455056144597031
2023-03-05 17:29:25,/blog,364,68.539911082685,77.25912348563612,0.10312306916180783
2023-03-17 10:51:45,/blog,842,111.58080878689239,77.11006291349999,0.18925673408052457
2022-11-30 03:35:16,/about,966,75.84951511472293,66.23295473872474,0.09181665896552282
2022-10-06 20:58:58,/products,653,86.63608394613813,49.111277740881434,0.06569962265685203
2023-07-08 01:20:22,/products,928,162.0440539054621,53.23683808265072,0.041895217454370505
2022-10-24 19:24:08,/home,997,10.675092347258472,74.3777289135844,0.12374829955433622
2022-08-03 23:49:35,/products,265,75.48421798885558,34.94328814548214,0.09674402359637516
2023-03-23 22:04:25,/home,539,173.52481690555916,63.374750963448946,0.06418157919368364
2022-12-19 13:20:54,/products,958,130.85860453772767,59.446136638692444,0.014026117596097008
2022-10-31 07:41:26,/about,563,142.73331130744373,76.99272533035457,0.045986152525591184
2023-04-18 13:23:11,/home,395,15.51730395927214,34.41686826237465,0.07456457994407366
2023-02-12 02:30:17,/about,957,93.61956822372646,71.48801626928773,0.11042818067327355
2022-10-23 07:42:06,/about,732,152.03259804153356,34.90055256635905,0.03592465896056666
2023-01-01 10:10:59,/contact,865,79.88558705098471,51.86119307980617,0.19300689060990925
2022-10-28 17:02:20,/home,619,148.38264434892048,39.44270926777624,0.09473859835431252
2023-03-05 06:19:53,/products,268,112.40319469749741,45.989742100847266,0.08207433417542863
2023-01-02 22:21:29,/products,914,32.1544390457934,58.58025728132253,0.0812790436653167
2023-06-18 05:28:09,/products,622,158.07054576598375,74.80708901268423,0.1990510386184659
2023-02-10 05:46:35,/about,215,29.807256540186906,46.60977299115804,0.1563019573779885
2022-12-08 14:57:38,/about,524,77.86340096939159,53.513756871326194,0.039744542498728996
2023-06-04 15:04:13,/contact,203,134.76127649068053,56.028674516448675,0.12426593619822275
2022-08-07 21:33:42,/contact,498,72.32364538674196,76.55197381694742,0.14285458340913515
2023-05-02 04:37:30,/about,729,95.59427391569257,70.29301216009665,0.051175694862182285
2022-12-13 09:01:02,/blog,447,168.33707974165748,30.933254147473463,0.17166317041930715
2023-07-18 16:34:58,/products,736,100.90841811014482,51.96065405908348,0.1365556186674156
2022-10-14 23:49:30,/about,118,17.601718287452673,55.93292336023056,0.13982263900482922
2023-06-05 22:46:44,/blog,469,104.85124298316323,52.81621284398818,0.17902463322867102
2022-10-25 01:46:40,/contact,412,100.08078381486868,55.36844587192074,0.08930952102530867
2023-01-13 05:18:11,/about,271,145.0004375303556,79.20183297819912,0.13527301549368315
2023-04-06 08:16:44,/blog,865,22.281561873536923,66.5172590190567,0.1994184957253455
2023-02-16 13:09:13,/blog,143,78.3316111479707,79.8076407379306,0.06547627574162766
2023-07-15 00:09:56,/home,640,156.07695110746363,62.38193906820761,0.11518873028285656
2022-08-20 05:18:27,/products,568,70.93456679147704,68.93784962354621,0.17637212984895737
2022-10-29 17:30:45,/home,482,122.58255262131864,44.557559631960245,0.016749156732045585
2023-04-03 07:06:49,/blog,828,14.28627202351804,46.58857819418427,0.09996859823540061
2023-07-14 21:26:16,/blog,258,119.57951030547422,65.50679014333105,0.08167865855163255
2023-07-02 01:08:14,/blog,393,176.81635507788704,32.98785726522903,0.06700426760245219
2022-08-30 01:48:36,/home,817,159.6946074474836,73.89798074244115,0.07817091856788731
2023-03-18 23:24:40,/about,187,53.3379662531404,62.62268574768967,0.19573800176552578
2022-07-28 23:05:42,/home,858,79.61607582438663,53.823519998766145,0.10529941146784988
2022-11-08 18:00:53,/contact,710,89.40779973465904,63.714829212100426,0.04065774286804842
2022-10-19 06:50:25,/home,441,145.19418680758125,34.62038789354654,0.021422443555358453
2022-08-27 14:44:23,/blog,509,92.77046328522027,67.71310983448319,0.01868947851182195
2023-01-20 17:09:57,/contact,832,70.9300062671011,74.86241321102565,0.0267811894760051
2023-04-10 23:38:51,/contact,777,119.77117054785825,72.09718802058458,0.03757161369543546
2023-02-16 16:31:46,/home,866,145.5007619905575,71.03726969791848,0.03818449058062753
2023-06-20 01:01:36,/about,251,30.42707916689697,52.753936499103766,0.03950823523468869
2023-06-20 00:01:26,/about,136,20.0188928328022,58.53314963861171,0.08091226790518442
2023-07-02 01:54:37,/about,571,167.92076766613025,79.30644963719223,0.07391042749255534
2023-02-26 10:27:41,/blog,876,156.89742211921464,42.90500916065436,0.10806960903456504
2023-07-25 23:30:59,/products,646,97.82703432534618,41.744766390205136,0.10787851347063497
2022-12-28 20:28:53,/contact,155,67.25735095036174,73.42541893450542,0.09052113032234192
2022-09-27 20:34:26,/contact,470,119.46205442066403,40.35502768725466,0.19364006315756713
2023-03-22 20:03:33,/home,230,36.1614535258859,57.88335611091097,0.12114614318800561
2023-04-30 19:45:21,/about,102,169.7849714273893,39.009040940727935,0.08014671880268419
2022-08-07 18:47:19,/products,306,76.2248534237277,49.72996862055765,0.19930742897111958
2022-11-16 04:44:49,/products,149,178.9905379782989,52.38303941293883,0.08637661897980006
2022-09-20 10:28:30,/contact,427,102.70623949536758,41.92198717712475,0.027116264104855528
2023-03-25 17:11:20,/blog,949,60.898815380401835,68.64585726355013,0.07008530439827343
2022-12-25 10:44:54,/home,939,161.65808004796938,38.720015429018176,0.09963142314921615
2022-07-30 06:59:48,/home,301,136.54310188090358,63.235503254313315,0.1991260035578054
2022-07-31 21:53:49,/blog,607,118.44277380932681,72.96975071920104,0.12013944795883824
2023-05-25 12:46:53,/about,738,164.18225856943695,68.75107978626289,0.19728711666834145
2022-12-19 10:23:37,/blog,913,50.21136105587786,46.88062310594782,0.1125383064900285
2023-05-16 02:13:10,/home,398,88.36219550491465,44.105726520712764,0.18774688254532412
2022-08-22 12:56:58,/about,989,144.89381555301978,56.75977826234866,0.19349846423406858
2023-01-09 14:50:23,/contact,696,83.69508467364454,41.763796659515116,0.06414957718304302
2022-12-08 09:07:15,/home,520,113.03819212048005,39.84273432567586,0.16885863918388
2023-01-06 14:06:49,/products,411,65.83575398333676,66.36446309354963,0.07773602216738064
2022-09-10 20:12:40,/products,520,73.17664321994367,58.61811133725223,0.11061730560806404
2023-03-29 04:34:11,/products,785,91.48815619618944,66.11957837214132,0.01074456197543472
2023-07-25 12:56:17,/home,886,71.28161395216019,60.8236432437222,0.061179145595456945
2023-03-17 01:06:39,/home,692,172.26380123464753,55.82113180795503,0.03910593350923004
2022-12-09 22:39:14,/products,470,98.89291036295131,57.27582682711659,0.15576373334297852
2023-07-23 15:39:27,/about,153,32.1242760751085,51.82112701725683,0.171116182271465
2023-05-22 14:29:58,/products,224,39.88640278716586,39.81210057358413,0.11947029915169875
2023-03-29 02:50:14,/contact,733,103.79744419283786,78.25008421153406,0.16780757979773966
2023-01-30 12:43:42,/products,155,156.84812440502884,49.44851022240794,0.07081004340318761
2023-02-11 02:31:24,/blog,998,125.74184445536436,43.496132125178164,0.03018318538234664
2023-02-23 17:56:57,/about,378,45.20701863235,74.25672034334434,0.19950322385704466
2023-05-02 12:07:40,/home,663,173.75997554550594,32.05397628797758,0.16966959734810516
2023-02-11 17:08:02,/products,143,150.81871432971505,74.25267551927908,0.18805766743560015
2023-02-08 04:27:37,/home,478,48.63787424538587,48.72148710115475,0.14538155040616366
2023-01-23 22:03:46,/products,735,64.11948030367151,38.262356610526155,0.10814275215835022
2022-12-04 01:06:33,/about,137,43.429644619860134,77.07724511242262,0.05085583522197341
2022-09-27 09:44:53,/contact,938,22.582653103831987,56.12304633848744,0.08005715520891452
2022-09-07 02:33:21,/contact,317,158.5781300248926,41.038677890768255,0.08784855140767055
2023-01-24 20:12:56,/home,647,166.42556183982595,43.23357460362859,0.11805948758378104
2023-07-08 15:07:58,/home,856,147.48038999203627,57.25055159370635,0.01686905390321179
2023-06-06 10:40:18,/blog,605,58.989564570313995,54.605450531497866,0.17505043031193998
2022-10-11 23:49:51,/products,141,166.10588682349078,75.12661364056052,0.09596466063553205
2023-02-11 07:30:40,/about,585,99.59309685890452,78.5344584498828,0.013793340870881939
2023-05-02 08:56:40,/blog,229,143.95833363664036,40.17960117535297,0.08702864479812643
2022-09-01 04:46:08,/products,619,168.47419275076038,61.88031543698275,0.09273260968891556
2023-02-04 10:33:34,/blog,805,68.27210464794817,40.31686437316171,0.09946286979574948
2023-04-10 10:09:58,/home,704,21.750238548783177,63.56986404214871,0.018429019936129328
2023-05-24 03:40:40,/blog,485,46.6479309259984,51.929443714599756,0.09477419437957531
2023-05-06 06:14:26,/about,823,153.73451973216476,38.93363378148386,0.07812934681887702
2022-11-17 09:31:44,/about,637,174.5566172182479,43.54112318953229,0.01779458434074268
2023-07-25 13:59:16,/home,804,94.55782274957713,76.58128167052539,0.02916278780587689
2022-09-23 03:14:25,/products,973,39.196394674941644,48.89008495380598,0.12980326972550796
2023-05-07 13:27:37,/products,283,118.55987725268835,54.18866531489316,0.01953368095355127
2023-04-16 07:48:09,/blog,472,29.051342508510476,74.82147963849559,0.10084734377493308
2022-09-06 23:08:48,/contact,644,171.33734119926825,38.06777613720763,0.16948425482755994
2023-05-26 05:08:04,/contact,982,49.130480674581406,45.978628497457294,0.05181993071234654
2022-08-03 06:26:25,/home,420,68.74203553561763,63.01504207215859,0.14953770287772716
2023-05-30 23:06:31,/blog,738,139.83715363017512,50.39892821417121,0.01903935765592269
2023-03-13 00:52:55,/products,672,89.8703868525372,66.7229553943041,0.03171050404691896
2022-08-19 10:25:16,/products,652,172.17812973234606,58.275593689968915,0.19746019715681282
2023-01-17 05:35:14,/contact,619,121.71631806029735,47.93366993673054,0.03361799816328947
2023-07-08 14:32:31,/contact,803,107.36989456407149,72.9817872749199,0.013173390390052012
2022-12-23 01:44:45,/contact,865,109.533079941674,66.92670782434021,0.08142708335779511
2022-10-26 05:35:00,/contact,371,86.70467867578726,66.0313198112664,0.1829279838447505
2022-09-11 13:09:18,/products,789,25.36561186465223,33.560250238993184,0.05759321471954843
2023-02-26 19:30:55,/home,122,44.86413379746879,66.10714594543234,0.07765256387363942
2023-04-16 06:19:58,/about,485,163.71245223281178,54.954418444425286,0.13782105520896448
2022-12-24 18:49:21,/contact,187,116.40889612727631,66.33196261956911,0.12031668187456715
2023-01-14 22:10:20,/contact,936,10.516645357259954,56.653235178870716,0.11839036223547393
2022-08-06 21:44:33,/products,891,21.65148011531906,56.47773602672654,0.10900333669414952
2022-12-18 15:56:48,/products,638,26.88561043226597,45.46296903661231,0.1276275492810729
2023-03-04 04:23:49,/about,268,117.589566907227,63.52096510360846,0.11012677137434503
2023-04-11 21:36:44,/home,307,168.0624450922833,45.509269195896756,0.14676344838187927
2022-12-13 13:26:15,/home,663,91.5408696791865,61.92056614815666,0.14217116819419282
2023-05-15 11:24:19,/about,229,100.92805038116806,38.393456443466526,0.12362606736397694
2023-04-27 02:01:28,/about,411,58.33818935453318,30.7044098527932,0.19417492759801097
2023-06-09 23:04:46,/blog,590,63.76530239532649,74.19693953182824,0.1624898746790446
2023-01-21 16:58:58,/blog,183,132.8391641362938,59.3813700498571,0.08504503977057289
2023-01-04 23:43:50,/home,239,35.508229877410905,65.79018782783427,0.08183807635684136
2023-05-30 22:49:43,/home,968,116.72714130519711,53.46000998577671,0.10411589360273443
2022-10-06 20:22:49,/home,270,86.49980581550416,38.30745182551638,0.0452080579438498
2023-03-01 07:26:34,/blog,175,138.55474715753832,65.60410344848054,0.05640839102330684
2022-11-05 15:26:10,/products,142,17.814659915939195,38.882699062748415,0.013002823492554869
2022-10-27 19:27:22,/contact,962,62.74428999327731,41.78880145020302,0.1444146729868298
2022-12-27 17:08:05,/blog,696,70.71024913933209,77.91869048807266,0.1677469732197422
2022-12-16 03:54:44,/about,777,160.94964119752595,42.28444697408977,0.0569915851253063
2023-06-10 15:05:33,/home,506,75.08416798951818,51.99157298826522,0.07598534618613142
2023-04-09 04:32:55,/products,981,23.188622967880924,60.82761173451663,0.1870602568735337
2023-02-09 17:16:05,/blog,845,95.66229732892288,62.052624206585605,0.10860387399582232
2022-09-11 18:25:38,/contact,224,168.53428516531469,56.24316988981877,0.1246898277830048
2023-02-21 19:47:06,/about,872,37.11756888732943,47.461543768787394,0.1778394097593
2022-09-12 05:30:58,/home,229,58.23048823290304,46.7500897176178,0.031127522635744545
2022-10-14 16:58:33,/blog,272,169.1580639192165,41.629370926121865,0.050813416443784266
2023-01-12 08:10:52,/blog,735,56.30877340211566,33.61702772194814,0.06491328020619815
2023-07-09 11:36:26,/blog,490,29.43135072280255,39.090349743975985,0.02007242979373009
2022-09-28 14:52:26,/about,568,161.4276711614043,43.02139837946888,0.1842634742643025
2022-08-10 06:28:03,/contact,288,88.2918817738734,74.44334392740168,0.016134266821288094
2022-09-27 16:39:25,/contact,241,141.92934766820014,34.93437608318881,0.16828112258071204
2023-07-02 16:12:33,/blog,239,115.42596792813097,34.64874232710363,0.14405057785807385
2023-05-12 10:31:13,/blog,560,21.182077836854496,31.022353084110794,0.18599694144488338
2023-01-29 16:45:56,/contact,596,92.14010657376649,31.091375924883646,0.19992150404663564
2022-10-27 08:04:56,/contact,737,102.86777221553015,39.40021742744902,0.06363787690600892
2023-07-08 13:45:57,/products,350,143.08737491954426,75.21691247234378,0.1471508666782144
2023-03-11 11:00:56,/about,753,169.51526856657276,47.14378997910201,0.04451702163064705
2023-02-03 18:26:34,/home,948,119.51490271074202,66.61610696764535,0.10355262045910926
2023-02-07 02:31:22,/home,447,45.200685330690675,75.00591906661477,0.18070534221150583
2022-10-09 01:14:12,/products,961,119.31996127025683,45.48499370090518,0.013698100994586977
2022-08-23 11:47:11,/products,804,106.40128680398813,72.7291577496779,0.15343952562078803
2023-01-03 20:15:47,/home,425,13.50326137482488,72.13179609151004,0.011427677672191005
2023-03-04 14:45:40,/about,601,56.82040651428333,38.41694636506273,0.07906111788496964
2023-05-13 03:21:43,/blog,981,115.61207925034877,33.553249078555886,0.16150921535765225
2023-06-19 15:59:33,/contact,724,71.73804843290725,35.27476179456943,0.026016001712542723
2023-04-30 16:44:02,/about,360,169.0970068474505,34.27965865421295,0.1770824019051105
2023-02-16 22:38:05,/blog,369,157.95402874684643,50.87769156182767,0.06425202254602488
2023-01-20 00:56:20,/about,586,56.28943446204471,47.47220427062606,0.12299652486602547
2023-04-06 23:42:25,/about,702,178.70211817359643,42.17159293454318,0.04596270876194524
2023-07-23 06:44:14,/contact,510,12.569760746518263,39.93773344443782,0.17926457372022248
2022-11-21 00:38:59,/blog,122,109.16556194538416,38.72876069729971,0.13814222427522224
2022-08-02 11:45:40,/blog,273,105.06774699845994,63.88031382840678,0.12084551525028579
2023-07-13 03:59:35,/products,261,148.85969640798794,70.51845873233805,0.10379804541152662
2023-04-08 14:56:14,/products,798,140.9694858455475,77.64451965282335,0.02361234287397843
2022-12-13 23:00:06,/blog,514,168.2894732934943,61.1220922694328,0.1334759603722614
2023-02-01 16:29:52,/blog,843,52.21091905687172,70.18072880630785,0.12603878980319377
2023-06-28 00:05:15,/about,479,94.29661695220605,52.54932015313228,0.11165129542187528
2022-10-25 06:14:57,/products,509,155.79528777002076,57.04950791179252,0.07341442866907134
2023-01-16 17:37:20,/contact,657,132.71437747095132,79.90352176391714,0.11477340629137979
2022-12-09 10:34:52,/about,794,170.6678170265911,32.679906957605596,0.06388878784729177
2022-10-02 12:12:21,/home,305,41.41742214282283,50.12802862184468,0.08504064641363586
2022-12-31 05:44:47,/contact,634,87.94713263301676,50.50751435408243,0.036389627218130376
2023-02-15 03:04:55,/about,998,54.37058654918269,63.60471347850127,0.09666103068541486
2023-05-08 19:39:18,/products,621,83.51732299938726,46.95124395132996,0.19476803640697177
2023-07-16 08:39:04,/about,526,122.82291264354183,77.06172177493691,0.1833367306821465
2023-02-06 07:36:09,/home,754,45.07390685166212,43.63279651480002,0.19398967588732116
2023-04-15 14:59:23,/products,621,156.88126556977502,72.29716545745086,0.18333718249946437
2022-12-21 22:21:29,/home,783,171.14294307398904,63.97667140239258,0.15081523760138654
2022-12-08 01:04:02,/products,645,31.086483488043182,35.414642648378056,0.15969942896208023
2023-07-27 00:18:25,/about,636,162.7588430919807,46.28738502598436,0.16225442666854728
2022-09-05 03:33:08,/home,966,23.41304691914627,61.472666572192296,0.07805145259209337
2022-12-24 07:43:09,/products,853,147.34357643733495,75.85890971534573,0.08476494649309531
2023-06-21 01:31:37,/about,823,51.69279603904786,73.45931281565223,0.031634906178998674
2023-06-11 08:23:26,/products,902,111.20501057109516,55.34740938120912,0.13577622671959572
2023-06-07 08:10:20,/blog,957,10.41719442058529,38.483530549606115,0.03414966768032246
2023-04-27 23:50:02,/home,365,90.87245334579411,74.45111835213731,0.01644372179023528
2022-12-09 18:11:58,/about,284,85.62563865804131,41.12862306474628,0.19311600439720716
2022-10-11 06:22:55,/products,893,144.6265672049804,55.53454781432383,0.10541708845623837
2023-01-04 14:40:05,/blog,300,35.65771671526119,78.8720474369857,0.17430467252535284
2023-05-27 19:40:25,/products,167,24.95342274711062,76.55919103255201,0.055321133570682045
2022-10-19 20:35:15,/contact,161,49.853072583698555,52.70534574261805,0.08013701941792367
2022-08-28 16:02:25,/blog,519,46.93407806832655,42.92029200720653,0.019573836359457204
2022-10-03 09:09:31,/contact,994,10.10226825636616,74.83805208853616,0.15291596761198742
2023-05-19 14:53:17,/about,155,113.40327999333032,58.30839246220337,0.09019325590262074
2022-10-14 06:36:32,/contact,550,87.00992564611039,33.45457895233805,0.04548447871239941
2022-08-02 10:24:34,/blog,629,60.03162242852175,64.84665106383659,0.14766751924311936
2023-07-21 22:45:01,/blog,177,143.41875738545485,79.22131100361906,0.18810828667811333
2023-02-13 21:55:50,/home,100,68.78824208442421,60.11800706862368,0.17272043480386265
2022-12-07 20:14:43,/home,148,38.86756223884866,70.30599153227591,0.16485043667446664
2023-03-20 19:53:32,/products,693,168.50363672568554,45.32297239183545,0.17435388033052387
2022-11-18 17:25:15,/about,287,45.9361041668855,35.22948712188683,0.019024486384064038
2022-09-09 03:21:13,/contact,233,163.09300811445368,50.27603583955792,0.1031029854951716
2022-08-07 23:37:17,/home,183,39.14006006525086,44.44375146090313,0.02491359474989205
2022-11-26 09:52:32,/contact,191,112.89718579677353,32.03191257804046,0.12621233091942138
2023-07-23 22:55:31,/about,279,152.33847870644655,71.46912897964208,0.13123101942787327
2023-04-23 11:39:38,/blog,811,160.18988195202772,55.20356550897837,0.08169968320014391
2023-06-15 17:16:30,/blog,903,24.75994817075553,32.65282609808439,0.07781654685883083
2023-06-21 18:47:39,/products,326,159.52375294219408,68.84403852818284,0.19795859340867802
2022-12-10 12:31:06,/home,512,163.06862485055217,44.77836920977711,0.12903289374048163
2023-02-13 06:49:08,/blog,297,112.90770308694502,31.1790418542304,0.14349686416925034
2023-07-21 14:21:55,/contact,965,62.581289167165586,31.108507623119557,0.03903905117798908
2023-03-14 19:14:54,/contact,186,85.45818093150477,30.732252723450554,0.1675592155002286
2022-07-30 16:04:59,/contact,425,173.53282367071208,46.55819395890048,0.02119438753450848
2023-05-09 08:04:33,/contact,722,75.92473294257648,64.21846357950109,0.19635944276333966
2023-07-09 21:27:30,/home,773,160.14116681635954,34.61930887757479,0.11606034564187245
2023-02-09 06:12:54,/products,951,67.01220735553893,79.31513313746858,0.03154252434851202
2023-06-01 05:09:44,/about,226,125.72026342511035,53.265913310284674,0.02007890561666654
